Monster ID,Name-English,Main,Sub,"Lifespan
",Nature,Life Type (0-3),Life Type,Lif,Pow,Int,Ski,Spd,Def,Lif gain,Pow gain,Int gain,Ski gain,Spd gain,Def gain,Arena speed,Guts Rate,Battle Specials,Extra techs,Training bonus,No Offset
474,Gold Dust,Ape,??? (Gold Dust),380,25,0,1,179,154,73,128,163,127,4,4,1,3,4,3,D,17,"Power, Anger",Boomerang,Parepare,1
475,Gold Dust,Ape,??? (Gold Dust),420,-45,2,3,194,163,39,130,103,146,4,4,1,3,3,4,E,18,"Power, Anger",Bomb,Parepare,1
944,Gold Dust,Ape,??? (Gold Dust),380,25,0,1,179,154,73,128,163,127,4,4,1,3,4,3,D,17,"Power, Anger, Grit",Boomerang,Parepare,1
1044,Gold Dust,Ape,??? (Gold Dust),430,5,0,1,194,208,84,164,148,119,4,4,1,3,4,3,D,17,"Power, Anger",Bomb,Parepare,1
985,King Ape,Ape,??? (King Ape),360,-95,2,3,313,289,88,169,186,269,5,4,2,3,2,5,D,13,"Power, Anger, Fury, Real",Big Bomb,"Study, Parepare",1
1213,King Ape,Ape,??? (King Ape),370,-95,2,3,306,230,191,181,179,227,4,4,4,3,2,4,D,13,"Power, Anger, Fury, Real",Boomerang,"Study, Parepare",1
309,Ape,Ape,Ape,400,-45,2,3,150,160,20,120,100,140,4,4,1,3,3,4,E,18,"Power, Anger",,Parepare,0
573,Ape,Ape,Ape,420,-45,2,3,163,167,37,134,116,157,4,4,1,3,3,4,E,18,"Power, Anger",,Parepare,1
943,Ape,Ape,Ape,400,-45,2,3,150,160,20,120,100,140,4,4,1,3,3,4,E,18,"Power, Anger, Ease",,Parepare,0
1167,Ape,Ape,Ape,480,48,1,2,48,48,48,48,48,48,4,4,1,3,3,4,C,19,"Power, Anger, Fury",,Parepare,1
307,Bossy,Ape,Gali,340,70,0,1,120,140,110,100,90,130,3,4,3,3,3,4,D,18,"Power, Anger",,Parepare,0
941,Bossy,Ape,Gali,340,70,0,1,120,140,110,100,90,130,3,4,3,3,3,4,D,18,"Power, Anger, Fury",,Parepare,0
305,Rock Ape,Ape,Golem,380,15,2,3,150,160,70,100,90,140,4,4,2,2,2,4,E,18,"Power, Anger",,Parepare,0
571,Rock Ape,Ape,Golem,100,15,2,3,155,182,75,112,109,160,4,4,2,2,2,4,E,18,"Power, Anger",Big Banana,Parepare,1
939,Rock Ape,Ape,Golem,380,15,2,3,150,160,70,100,90,140,4,4,2,2,2,4,E,18,"Power, Anger, Guard",,Parepare,0
306,Gibberer,Ape,Hare,360,25,0,1,160,140,60,110,150,120,4,4,1,3,4,3,D,17,"Power, Anger",,Parepare,0
940,Gibberer,Ape,Hare,360,25,0,1,160,140,60,110,150,120,4,4,1,3,4,3,D,17,"Power, Anger, Grit",,Parepare,0
308,Tropical Ape,Ape,Plant,420,40,1,2,140,120,90,110,100,130,4,3,2,3,3,3,E,14,"Power, Anger",,Parepare,0
572,Tropical Ape,Ape,Plant,440,40,1,2,153,164,102,122,102,136,4,3,2,3,3,3,E,14,"Power, Anger","Sneeze, Blast",Parepare,1
942,Tropical Ape,Ape,Plant,420,40,1,2,140,120,90,110,100,130,4,3,2,3,3,3,E,14,"Power, Anger, Will",,Parepare,0
976,Silver Face,Arrow Head,??? (Silver Face),370,-45,2,3,209,238,131,215,109,345,3,4,3,3,2,5,C,14,"Power, Anger, Guard, Hurry","Sting Slash, Death Scythe, Cyclone, Fist Missile","Study, Torble sea",1
1204,Silver Face,Arrow Head,??? (Silver Face),360,-45,2,3,200,171,227,204,141,304,3,3,4,3,3,4,C,14,"Power, Anger, Guard, Hurry",Energy Shots,"Study, Torble sea",1
377,Sumopion,Arrow Head,??? (Sumopion),400,-50,1,2,102,129,192,111,75,146,3,3,3,3,2,4,D,15,"Power, Anger, Guard",Jumping Claw,Pull,1
378,Sumopion,Arrow Head,??? (Sumopion),360,-65,3,4,113,113,127,187,79,158,3,3,3,4,2,4,D,15,"Power, Anger, Guard, Real",Bloodsuction,,1
379,Sumopion,Arrow Head,??? (Sumopion),440,-15,1,2,101,116,135,105,105,160,2,3,3,3,2,4,D,15,"Power, Anger, Real",Fist Missile,,1
380,Sumopion,Arrow Head,??? (Sumopion),400,-50,1,2,106,131,132,119,72,193,3,3,3,3,2,4,D,15,"Power, Anger, Guard",Fist Missile,,1
732,Sumopion,Arrow Head,??? (Sumopion),400,-50,1,2,102,129,192,111,75,146,3,3,3,3,2,4,D,15,"Power, Anger, Guard, Hurry",Jumping Claw,Pull,1
1006,Sumopion,Arrow Head,??? (Sumopion),450,-35,1,2,120,139,186,157,112,170,3,3,3,3,2,4,D,15,"Power, Anger, Guard",Jumping Claw,Pull,1
133,Arrow Head,Arrow Head,Arrow Head,400,-10,0,1,120,80,70,30,40,170,3,3,2,3,2,5,D,17,"Power, Anger, Guard",,,0
511,Arrow Head,Arrow Head,Arrow Head,200,-10,0,1,128,98,78,48,45,193,3,3,2,3,2,5,D,17,"Power, Anger, Guard",Death Scythe,,1
512,Arrow Head,Arrow Head,Arrow Head,420,-10,0,1,137,94,72,45,55,189,3,3,2,3,2,5,D,17,"Power, Anger, Guard",,,1
728,Arrow Head,Arrow Head,Arrow Head,400,-10,0,1,110,150,90,140,100,190,3,3,2,3,2,5,D,17,"Power, Anger, Fight, Guard",,,0
1061,Arrow Head,Arrow Head,Arrow Head,400,-10,0,1,110,150,90,140,100,190,3,3,2,3,2,5,E,16,"Power, Anger, Fight, Guard",,,0
132,Plated Arrow,Arrow Head,Durahan,400,-40,3,4,130,120,80,110,100,170,3,3,2,3,2,5,D,16,"Power, Anger, Guard",,Domino,0
727,Plated Arrow,Arrow Head,Durahan,400,-40,3,4,130,120,80,110,100,170,3,3,2,3,2,5,D,16,"Power, Anger, Will, Guard",,Domino,0
131,Priarocks,Arrow Head,Golem,380,30,2,3,120,150,70,50,60,190,3,4,2,2,2,5,D,17,"Power, Anger, Guard",,,0
726,Priarocks,Arrow Head,Golem,380,30,2,3,120,180,90,80,80,210,3,4,2,2,2,5,D,17,"Power, Anger, Grit, Guard",,,0
1060,Priarocks,Arrow Head,Golem,380,30,2,3,120,180,90,80,80,210,3,4,2,2,2,5,E,16,"Power, Anger, Grit, Guard",,,0
130,Renocraft,Arrow Head,Henger,360,65,0,1,120,100,60,110,90,130,3,3,2,3,3,4,D,17,"Power, Anger, Guard",,Shoot,0
725,Renocraft,Arrow Head,Henger,360,65,0,1,100,160,110,160,130,100,3,3,2,3,3,4,D,17,"Power, Anger, Will, Guard",,Shoot,0
1059,Renocraft,Arrow Head,Henger,360,65,0,1,100,160,110,160,130,100,3,3,2,3,3,4,E,16,"Power, Anger, Will, Guard",,Shoot,0
1193,Renocraft,Arrow Head,Henger,430,49,0,1,49,49,49,49,49,49,3,2,4,3,3,3,B,18,"Power, Anger, Vigor",Energy Shots,Shoot,1
135,Selketo,Arrow Head,Joker,340,-65,3,4,100,110,120,140,70,150,3,3,3,4,2,4,D,15,"Power, Anger, Guard, Real",,,0
730,Selketo,Arrow Head,Joker,340,-65,3,4,100,110,120,140,70,150,3,3,3,4,2,4,D,15,"Power, Anger, Guard, Vigor, Real",,,0
1146,Selketo,Arrow Head,Joker,400,-65,3,4,151,136,147,164,107,194,3,3,3,4,2,5,D,15,"Power, Anger, Guard, Real",TripleStings,,1
136,Log Sawer,Arrow Head,Mock,420,-15,1,2,90,110,130,100,60,150,2,3,3,3,2,4,D,15,"Power, Anger, Guard",,,0
731,Log Sawer,Arrow Head,Mock,420,-15,1,2,100,120,190,120,100,140,2,3,3,3,2,4,D,15,"Power, Anger, Will, Guard",,,0
1062,Log Sawer,Arrow Head,Mock,420,-15,1,2,100,120,190,120,100,140,2,3,3,3,2,4,E,14,"Power, Anger, Will, Guard",,,0
134,MustardArrow,Arrow Head,Suezo,380,-50,1,2,100,120,130,110,70,140,3,3,3,3,2,4,D,15,"Power, Anger, Guard",,,0
729,MustardArrow,Arrow Head,Suezo,380,-50,1,2,100,120,130,110,70,140,3,3,3,3,2,4,D,15,"Power, Anger, Guard, Ease",,,0
1118,MustardArrow,Arrow Head,Suezo,410,0,2,3,161,101,171,141,41,101,3,3,3,3,2,4,D,15,"Power, Anger, Guard",Tail Swing,,1
1235,Boxer Bajarl,Bajarl,??? (Boxer Bajarl),330,-90,3,4,123,153,128,173,116,98,3,4,3,4,3,2,D,13,"Power, Anger, Vigor, Real",Magic Pot,,0
402,Gym Bajarl,Bajarl,??? (Gym Bajarl),330,-90,3,4,123,153,128,173,116,98,3,4,3,4,3,2,D,13,"Power, Anger, Vigor, Real",Magic Pot,,1
403,Gym Bajarl,Bajarl,??? (Gym Bajarl),370,5,0,1,120,167,91,134,110,89,3,4,2,4,3,2,D,13,"Power, Anger, Vigor",Mystic Pot,,1
404,Gym Bajarl,Bajarl,??? (Gym Bajarl),330,-90,3,4,132,151,130,172,111,99,3,4,3,4,3,2,D,13,"Power, Anger, Vigor, Real",Bajarl Beam,,1
810,Gym Bajarl,Bajarl,??? (Gym Bajarl),330,-90,3,4,123,153,128,173,116,98,3,4,3,4,3,2,D,13,"Power, Anger, Will, Vigor, Real",Magic Pot,,1
1014,Gym Bajarl,Bajarl,??? (Gym Bajarl),460,-70,3,4,156,192,119,184,100,132,3,4,3,4,3,2,D,13,"Power, Anger, Vigor, Real",Magic Pot,,1
811,Magic Bajarl,Bajarl,??? (Magic Bajarl),370,5,0,1,107,150,127,126,116,90,3,4,2,4,3,2,D,13,"Power, Anger, Guard, Vigor",,,1
1015,Magic Bajarl,Bajarl,??? (Magic Bajarl),430,-15,0,1,130,162,145,161,142,99,3,4,3,3,3,2,D,13,"Power, Anger, Vigor",,,1
406,Ultrarl,Bajarl,??? (Ultrarl),370,5,0,1,101,134,102,153,126,98,3,4,2,4,3,2,D,13,"Power, Anger, Vigor",Bajarl Beam,,1
407,Ultrarl,Bajarl,??? (Ultrarl),370,5,0,1,106,165,94,146,116,87,3,4,2,4,3,2,D,13,"Power, Anger, Vigor",Magic Pot,Torble sea,1
408,Ultrarl,Bajarl,??? (Ultrarl),330,-90,3,4,105,167,125,155,148,94,3,4,3,4,3,2,D,13,"Power, Anger, Vigor, Real",Magic Pot,,1
812,Ultrarl,Bajarl,??? (Ultrarl),370,5,0,1,101,134,102,153,126,98,3,4,2,4,3,2,D,13,"Power, Anger, Vigor, Real",Bajarl Beam,,1
1016,Ultrarl,Bajarl,??? (Ultrarl),440,-20,0,1,150,150,178,177,140,95,3,3,3,4,3,2,D,13,"Power, Anger, Vigor",Bajarl Beam,,1
1128,Ultrarl,Bajarl,??? (Ultrarl),450,78,0,1,78,78,78,78,78,78,3,4,3,3,4,2,C,13,"Power, Anger, Vigor",Magic Punch,Meditate,1
205,Bajarl,Bajarl,Bajarl,350,5,0,1,100,130,90,120,110,80,3,4,2,4,3,2,D,13,"Power, Anger, Vigor",,,0
532,Bajarl,Bajarl,Bajarl,370,5,0,1,120,167,96,130,117,86,3,4,2,4,3,2,D,13,"Power, Anger, Vigor",,,1
808,Bajarl,Bajarl,Bajarl,350,5,0,1,120,160,100,150,130,100,3,4,2,4,3,2,D,13,"Power, Anger, Grit, Vigor",,,0
1075,Bajarl,Bajarl,Bajarl,350,5,0,1,120,160,100,150,130,100,3,4,2,4,3,2,E,12,"Power, Anger, Grit, Vigor",,,0
206,Jaba,Bajarl,Joker,310,-90,3,4,100,150,120,140,110,90,3,4,3,4,3,2,D,13,"Power, Anger, Vigor, Real",,,0
809,Jaba,Bajarl,Joker,310,-90,3,4,100,150,120,140,110,90,3,4,3,4,3,2,D,13,"Power, Anger, Will, Vigor, Real",,,0
390,Dango,Baku,??? (Dango),440,-15,3,4,156,146,98,95,58,177,4,4,2,2,1,4,E,15,"Power, Anger, Guard",,"Run, Pull",1
391,Dango,Baku,??? (Dango),440,-20,2,3,177,121,130,104,111,133,4,3,3,2,3,3,E,16,"Power, Anger, Guard",Mating Song,Meditate,1
392,Dango,Baku,??? (Dango),380,30,0,1,160,151,99,118,82,131,4,3,2,3,1,3,D,15,"Power, Anger, Ease",Nap,Endure,1
781,Dango,Baku,??? (Dango),440,-15,3,4,156,146,98,95,58,177,4,4,2,2,1,4,E,15,"Power, Anger, Will, Guard",,"Run, Pull",1
1010,Dango,Baku,??? (Dango),440,10,3,4,187,199,124,119,72,164,4,4,2,2,2,4,E,15,"Power, Anger, Guard",Mating Song,"Run, Pull",1
1124,Dango,Baku,??? (Dango),450,30,2,3,3,2,6,3,2,6,4,4,2,2,2,4,D,15,"Power, Anger, Guard, Vigor",Mating Song,"Run, Pull",1
1229,Shishi,Baku,??? (Shishi),440,-15,3,4,156,146,98,95,58,177,4,4,2,2,1,4,E,15,"Power, Anger, Guard",,"Run, Pull",0
1231,Shishi,Baku,??? (Shishi),380,30,0,1,160,151,99,118,82,131,4,3,2,3,1,3,D,15,"Power, Anger, Ease",Nap,Endure,0
178,Baku,Baku,Baku,400,70,2,3,180,130,50,70,60,150,5,4,1,2,1,3,E,16,"Power, Anger",,,0
522,Baku,Baku,Baku,420,70,2,3,194,140,51,75,91,169,5,4,1,2,1,3,E,16,"Power, Anger",,,1
777,Baku,Baku,Baku,400,70,2,3,180,130,50,70,60,150,5,4,1,2,1,3,E,16,"Power, Anger, Grit",,,0
173,Magmax,Baku,Dragon,340,-35,1,2,150,130,100,80,60,120,4,4,3,2,1,3,E,17,"Power, Anger",,,0
772,Magmax,Baku,Dragon,340,-35,1,2,150,130,100,80,60,120,4,4,3,2,1,3,E,17,"Power, Anger, Fury",,,0
175,War Baku,Baku,Durahan,400,-15,3,4,150,140,70,80,50,160,4,4,2,2,1,4,E,15,"Power, Anger",,Domino,0
774,War Baku,Baku,Durahan,400,-15,3,4,150,140,70,80,50,160,4,4,2,2,1,4,E,15,"Power, Anger, Will",,Domino,0
174,Higante,Baku,Golem,380,50,2,3,160,130,70,90,60,150,4,4,2,2,1,4,E,17,"Power, Anger",,,0
773,Higante,Baku,Golem,380,50,2,3,160,130,70,90,60,150,4,4,2,2,1,4,E,17,"Power, Anger, Guard",,,0
1149,Higante,Baku,Golem,410,50,2,3,149,167,72,80,65,151,4,4,2,2,2,4,E,17,"Power, Anger",Two Bites,,1
177,Gontar,Baku,Hare,360,55,0,1,150,130,50,90,100,80,4,4,1,2,3,2,D,16,"Power, Anger",,,0
776,Gontar,Baku,Hare,360,55,0,1,150,130,50,90,100,80,4,4,1,2,3,2,D,16,"Power, Anger, Grit",,,0
181,Giga Pint,Baku,Jell,380,30,0,1,150,120,90,100,70,130,4,3,2,3,1,3,D,15,"Power, Anger",,Endure,0
780,Giga Pint,Baku,Jell,380,30,0,1,150,120,90,100,70,130,4,3,2,3,1,3,D,15,"Power, Anger, Ease",,Endure,0
180,Baku Clown,Baku,Joker,340,-55,3,4,160,140,100,110,70,120,4,4,3,3,1,3,D,15,"Power, Anger, Real",,,0
523,Baku Clown,Baku,Joker,360,-55,3,4,172,159,112,122,82,139,4,4,3,3,1,3,D,15,"Power, Anger, Real",Foul Wind,,1
779,Baku Clown,Baku,Joker,340,-55,3,4,160,140,100,110,70,120,4,4,3,3,1,3,D,15,"Power, Anger, Grit, Real",,,0
179,Nussie,Baku,Kato,420,-20,2,3,160,110,120,70,100,130,4,3,3,2,3,3,E,16,"Power, Anger",,Meditate,0
778,Nussie,Baku,Kato,420,-20,2,3,160,110,120,70,100,130,4,3,3,2,3,3,E,16,"Power, Anger, Will",,Meditate,0
176,Icebergy,Baku,Tiger,360,75,1,2,150,120,50,100,70,90,4,3,2,3,2,2,D,13,"Power, Anger",,,0
775,Icebergy,Baku,Tiger,360,75,1,2,150,120,50,100,70,90,4,3,2,3,2,2,D,13,"Power, Anger, Hurry",,,0
352,Eggplantern,Beaclon,??? (Eggplantern),320,60,0,1,100,178,92,138,129,126,3,4,2,3,3,3,D,14,"Power, Anger, Guard, Vigor",Horn Cannon,"Shoot, Pull",1
353,Eggplantern,Beaclon,??? (Eggplantern),320,45,3,4,93,129,91,145,165,117,4,4,2,3,3,3,E,11,"Power, Anger, Guard, Vigor",Horn Smash,Pull,1
354,Eggplantern,Beaclon,??? (Eggplantern),320,30,1,2,95,142,64,71,157,152,4,4,1,2,2,4,E,13,"Power, Anger, Guard, Vigor",,Pull,1
645,Eggplantern,Beaclon,??? (Eggplantern),320,60,0,1,100,178,92,138,129,126,3,4,2,3,3,3,D,14,"Power, Anger, Fight, Guard, Vigor",Horn Cannon,"Shoot, Pull",1
998,Eggplantern,Beaclon,??? (Eggplantern),420,40,0,1,107,202,112,142,116,136,3,4,2,3,3,3,D,14,"Power, Anger, Guard, Vigor",Horn Cannon,"Shoot, Pull",1
1099,Eggplantern,Beaclon,??? (Eggplantern),470,10,0,1,10,10,10,9,9,9,3,3,3,3,3,3,D,14,"Power, Anger, Guard, Vigor",Flying Press,"Shoot, Pull",1
55,KautRoarKaut,Beaclon,Bajarl,320,15,0,1,120,150,50,100,90,110,4,4,1,3,2,3,E,13,"Power, Anger, Guard, Vigor",,Pull,0
642,KautRoarKaut,Beaclon,Bajarl,320,15,0,1,120,150,50,100,90,110,4,4,1,3,2,3,E,13,"Power, Anger, Will, Guard, Vigor",,Pull,0
50,Beaclon,Beaclon,Beaclon,300,30,1,2,120,150,50,70,90,140,4,4,1,2,2,4,E,13,"Power, Anger, Guard, Vigor",,Pull,0
493,Beaclon,Beaclon,Beaclon,320,30,1,2,132,171,59,102,82,138,4,4,1,2,2,4,E,13,"Guard, Vigor, No Anger",Horn Cannon,Pull,1
637,Beaclon,Beaclon,Beaclon,300,30,1,2,120,150,50,70,90,140,4,4,1,2,2,4,E,13,"Power, Anger, Will, Guard, Vigor",,Pull,0
1097,Beaclon,Beaclon,Beaclon,410,64,0,1,98,98,98,98,98,98,4,3,1,3,2,5,D,13,"Power, Anger, Guard, Vigor",,Pull,1
49,Bethelgeus,Beaclon,Dragon,280,-55,1,2,120,150,110,70,90,140,4,4,3,2,2,4,E,15,"Power, Anger, Guard, Vigor",,Pull,0
636,Bethelgeus,Beaclon,Dragon,280,-55,1,2,120,150,110,70,90,140,4,4,3,2,2,4,E,15,"Power, Anger, Fury, Guard, Vigor",,Pull,0
57,Ducklon,Beaclon,Ducken,300,45,3,4,90,150,70,100,120,110,4,4,2,3,3,3,E,11,"Power, Anger, Guard, Vigor",,Pull,0
494,Ducklon,Beaclon,Ducken,320,45,3,4,120,160,49,122,92,172,4,4,2,3,3,3,E,11,"Power, Anger, Guard, Vigor",Tremor,Pull,1
644,Ducklon,Beaclon,Ducken,300,45,3,4,90,150,70,100,120,110,4,4,2,3,3,3,E,11,"Power, Anger, Guard, Hurry, Vigor",,Pull,0
53,Centurion,Beaclon,Durahan,340,-35,3,4,120,150,80,70,90,140,4,4,2,2,2,4,E,13,"Power, Anger, Guard, Vigor",,"Domino, Pull",0
640,Centurion,Beaclon,Durahan,340,-35,3,4,120,150,80,70,90,140,4,4,2,2,2,4,E,13,"Power, Anger, Will, Guard, Vigor",,"Domino, Pull",0
52,Rocklon,Beaclon,Golem,320,35,2,3,120,150,80,70,90,140,4,4,2,2,2,4,E,15,"Power, Anger, Guard, Vigor",,Pull,0
639,Rocklon,Beaclon,Golem,320,35,2,3,120,150,80,70,90,140,4,4,2,2,2,4,E,15,"Power, Anger, Grit, Guard, Vigor",,Pull,0
1098,Rocklon,Beaclon,Golem,420,80,2,3,69,69,69,69,69,69,4,4,2,2,2,4,E,15,"Power, Anger, Guard, Vigor","Top Assault, Horn Cannon, Fist Missile",Pull,1
51,Melcarba,Beaclon,Henger,300,60,0,1,100,150,80,110,120,130,3,4,2,3,3,3,D,14,"Power, Anger, Guard, Vigor",,"Shoot, Pull",0
638,Melcarba,Beaclon,Henger,300,60,0,1,100,150,80,110,120,130,3,4,2,3,3,3,D,14,"Power, Anger, Fury, Guard, Vigor",,"Shoot, Pull",0
56,Jaggernaut,Beaclon,Joker,280,-75,3,4,120,150,130,100,90,110,4,4,3,3,2,3,D,13,"Power, Anger, Guard, Vigor, Real",,Pull,0
643,Jaggernaut,Beaclon,Joker,280,-75,3,4,120,150,130,100,90,110,4,4,3,3,2,3,D,13,"Power, Anger, Will, Guard, Vigor, Real",,Pull,0
54,Sloth Beetle,Beaclon,Tiger,300,60,1,2,100,110,70,130,90,120,3,3,2,3,3,3,D,11,"Power, Anger, Guard, Vigor",,Pull,0
641,Sloth Beetle,Beaclon,Tiger,300,60,1,2,100,110,70,130,90,120,3,3,2,3,3,3,D,11,"Power, Anger, Guard, Hurry, Vigor",,Pull,0
345,Blue Thunder,Centaur,??? (Blue Thunder),300,10,1,2,112,156,154,138,158,104,3,4,4,4,2,2,C,15,"Power, Anger, Grit, Will",Meteor Drive,Mandy,1
630,Blue Thunder,Centaur,??? (Blue Thunder),300,10,1,2,112,156,154,138,158,104,3,4,4,4,2,2,C,15,"Power, Anger, Grit, Will, Vigor",Meteor Drive,Mandy,1
995,Blue Thunder,Centaur,??? (Blue Thunder),430,-15,1,2,132,209,194,156,140,98,3,4,5,3,2,2,C,15,"Power, Anger, Grit, Will",Meteor Drive,Mandy,1
1095,Blue Thunder,Centaur,??? (Blue Thunder),420,30,2,3,9,99,199,199,199,9,3,4,4,3,3,2,C,15,"Power, Anger, Grit, Will","Mind Flare, Energy Shot",Mandy,1
973,Sniper,Centaur,??? (Sniper),360,-45,2,3,221,224,246,303,204,111,4,4,4,5,3,2,B,11,"Power, Anger, Grit, Will, Ease",Death Thrust,"Endure, Mandy",1
1201,Sniper,Centaur,??? (Sniper),360,-45,2,3,194,206,306,257,227,119,4,3,5,5,3,2,B,11,"Power, Anger, Grit, Will, Ease",Energy Shots,"Endure, Mandy",1
342,Trotter,Centaur,??? (Trotter),320,85,1,2,111,110,164,192,196,70,3,3,4,5,3,2,C,11,"Power, Anger, Grit, Will",,Run,1
343,Trotter,Centaur,??? (Trotter),380,15,3,4,104,115,172,174,158,109,3,3,4,4,2,3,C,13,"Power, Anger, Grit, Will",,Run,1
344,Trotter,Centaur,??? (Trotter),320,10,1,2,84,106,182,174,116,92,2,3,4,5,3,2,B,11,"Power, Anger, Grit, Will",Cross Slash,Run,1
629,Trotter,Centaur,??? (Trotter),320,85,1,2,111,110,164,192,196,70,3,3,4,5,3,2,C,11,"Power, Anger, Grit, Will, Guard",,Run,1
994,Trotter,Centaur,??? (Trotter),410,45,1,2,120,142,176,221,188,106,3,3,4,5,3,2,C,11,"Power, Anger, Grit, Will",Cross Slash,Run,1
42,Antares,Centaur,Arrow Head,340,30,0,1,90,100,110,140,150,120,3,3,3,4,2,3,C,15,"Power, Anger, Grit, Will",,Mandy,0
625,Antares,Centaur,Arrow Head,340,30,0,1,90,100,110,140,150,120,3,3,3,4,2,3,C,15,"Power, Anger, Grit, Will, Guard",,Mandy,0
44,Bazoo,Centaur,Bajarl,320,30,0,1,90,100,110,160,150,80,3,3,3,5,2,2,C,13,"Power, Anger, Grit, Will",,Mandy,0
490,Bazoo,Centaur,Bajarl,340,30,0,1,94,108,122,167,171,96,3,3,3,5,2,2,C,13,"Power, Anger, Grit, Will",,Mandy,1
627,Bazoo,Centaur,Bajarl,320,30,0,1,90,100,110,160,150,80,3,3,3,5,2,2,C,13,"Power, Anger, Grit, Will, Vigor",,Mandy,0
39,Centaur,Centaur,Centaur,300,75,0,1,90,100,140,160,150,80,3,3,4,5,2,2,C,16,"Power, Anger, Grit, Will",,Mandy,0
489,Centaur,Centaur,Centaur,320,75,0,1,101,108,154,174,165,86,3,3,4,5,2,2,C,16,"Power, Anger, Grit, Will",,Mandy,1
622,Centaur,Centaur,Centaur,300,75,0,1,90,100,140,160,150,80,3,3,4,5,2,2,C,16,"Power, Anger, Grit, Will, Guard",,Mandy,0
1094,Centaur,Centaur,Centaur,400,50,2,3,120,136,174,133,182,87,3,3,4,4,2,3,C,17,"Power, Anger, Grit, Will",Rush Slash,Mandy,1
38,Dragoon,Centaur,Dragon,280,-30,1,2,90,130,140,120,150,80,3,4,4,4,2,2,C,15,"Power, Anger, Grit, Will",,Mandy,0
621,Dragoon,Centaur,Dragon,280,-30,1,2,90,130,140,120,150,80,3,4,4,4,2,2,C,15,"Power, Anger, Grit, Will, Fury",,Mandy,0
1093,Dragoon,Centaur,Dragon,420,-72,0,1,72,72,72,72,72,72,3,4,4,3,3,2,B,15,"Power, Anger, Grit, Will",,Mandy,1
41,Chariot,Centaur,Durahan,340,-15,3,4,90,100,140,130,150,120,3,3,4,4,2,3,C,13,"Power, Anger, Grit, Will",,"Domino, Mandy",0
624,Chariot,Centaur,Durahan,340,-15,3,4,90,100,140,130,150,120,3,3,4,4,2,3,C,13,"Power, Anger, Grit, Will, Hurry",,"Domino, Mandy",0
40,Trojan,Centaur,Golem,320,50,2,3,90,130,140,100,150,110,3,4,4,3,2,3,D,15,"Power, Anger, Grit, Will",,Mandy,0
623,Trojan,Centaur,Golem,320,50,2,3,90,130,140,100,150,110,3,4,4,3,2,3,D,15,"Power, Anger, Grit, Will, Guard",,Mandy,0
45,Reaper,Centaur,Joker,280,-55,3,4,90,100,140,160,150,80,3,3,4,5,2,2,C,13,"Power, Anger, Grit, Will, Real",,Mandy,0
628,Reaper,Centaur,Joker,280,-55,3,4,90,100,140,160,150,80,3,3,4,5,2,2,C,13,"Power, Anger, Grit, Will, Fury, Real",,Mandy,0
37,Ferious,Centaur,Pixie,300,-10,1,2,70,100,140,160,110,80,2,3,4,5,3,2,B,11,"Power, Anger, Grit, Will",,Mandy,0
620,Ferious,Centaur,Pixie,300,-10,1,2,70,100,140,160,110,80,2,3,4,5,3,2,B,11,"Power, Anger, Grit, Will, Ease",,Mandy,0
43,Celious,Centaur,Tiger,300,85,1,2,90,100,140,160,170,80,3,3,4,5,3,2,C,11,"Power, Anger, Grit, Will",,Mandy,0
626,Celious,Centaur,Tiger,300,85,1,2,90,100,140,160,170,80,3,3,4,5,3,2,C,11,"Power, Anger, Grit, Will, Hurry",,Mandy,0
346,Dice,ColorPandora,??? (Dice),420,55,2,3,171,62,105,100,100,84,5,2,2,3,3,1,D,12,"Power, Anger, Unity",,,1
347,Dice,ColorPandora,??? (Dice),380,20,2,3,114,67,154,121,134,34,3,2,3,3,3,1,C,10,"Power, Anger, Unity",,Study,1
348,Dice,ColorPandora,??? (Dice),420,55,2,3,171,64,151,96,111,40,5,2,2,3,3,1,D,12,"Power, Anger, Unity",,,1
634,Dice,ColorPandora,??? (Dice),420,55,2,3,171,62,105,100,100,84,5,2,2,3,3,1,D,12,"Power, Anger, Will, Unity",,,1
996,Dice,ColorPandora,??? (Dice),430,35,2,3,190,92,118,118,142,90,5,2,2,3,3,2,D,12,"Power, Anger, Unity",,Study,1
349,Tram,ColorPandora,??? (Tram),380,25,2,3,131,70,84,134,106,115,4,2,3,3,3,2,D,12,"Power, Anger, Unity",,Endure,1
350,Tram,ColorPandora,??? (Tram),420,55,2,3,182,64,51,101,134,75,5,2,2,3,3,1,D,12,"Power, Anger, Unity",,,1
351,Tram,ColorPandora,??? (Tram),380,25,2,3,142,52,95,121,122,117,4,2,3,3,3,2,D,13,"Power, Anger, Unity",Kamikaze,Endure,1
635,Tram,ColorPandora,??? (Tram),380,25,2,3,131,70,84,134,106,115,4,2,3,3,3,2,D,12,"Power, Anger, Ease, Unity",,Endure,1
997,Tram,ColorPandora,??? (Tram),420,25,2,3,142,121,109,154,133,133,4,2,3,3,3,2,D,12,"Power, Anger, Unity",,Endure,1
1096,Tram,ColorPandora,??? (Tram),410,0,0,1,59,231,59,233,59,59,4,2,3,3,3,2,D,12,"Power, Anger, Hurry, Unity","Kamikaze, Meteor Drive",Endure,1
47,ColorPandora,ColorPandora,ColorPandora,400,55,2,3,170,50,30,100,110,60,5,2,2,3,3,1,D,12,"Power, Anger, Unity",,,0
492,ColorPandora,ColorPandora,ColorPandora,420,55,2,3,174,64,34,114,144,64,5,2,2,3,3,1,D,12,"Power, Anger, Unity",Triple Shots,,1
632,ColorPandora,ColorPandora,ColorPandora,400,55,2,3,170,50,30,100,110,60,5,2,2,3,3,1,D,12,"Power, Anger, Grit, Unity",,,0
48,Liquid Cube,ColorPandora,Jell,380,25,2,3,130,50,80,100,110,90,4,2,3,3,3,2,D,13,"Power, Anger, Unity",,Endure,0
633,Liquid Cube,ColorPandora,Jell,380,25,2,3,130,50,80,100,110,90,4,2,3,3,3,2,D,13,"Power, Anger, Will, Unity",,Endure,0
1140,Liquid Cube,ColorPandora,Jell,410,25,2,3,177,91,141,131,117,100,4,2,3,3,3,2,D,13,"Power, Anger, Unity",Delta Attack,Endure,1
46,PeachTreeBug,ColorPandora,Pixie,360,-20,2,3,90,40,120,100,110,30,3,2,3,3,3,1,C,10,"Power, Anger, Unity",,,0
491,PeachTreeBug,ColorPandora,Pixie,380,-20,2,3,99,59,125,119,128,43,3,2,3,3,3,1,C,10,"Power, Anger, Ease",,,1
631,PeachTreeBug,ColorPandora,Pixie,360,-20,2,3,90,40,120,100,110,30,3,2,3,3,3,1,C,10,"Power, Anger, Ease, Unity",,,0
1199,PeachTreeBug,ColorPandora,Pixie,420,6,2,3,66,66,66,66,66,66,3,2,3,3,3,3,D,10,"Power, Anger, Fight, Unity","Giant Whip, Kamikaze",,1
972,Magma Heart,Dragon,??? (Magma Heart),360,-55,2,3,204,321,251,210,119,201,4,5,4,4,2,3,C,16,"Power, Anger, Fury, Real",SpinningClaw,"Dodge, Kawrea",1
1200,Magma Heart,Dragon,??? (Magma Heart),360,-55,2,3,214,234,301,204,167,186,4,4,5,4,2,3,C,16,"Power, Anger, Fury, Real",Flutters,"Dodge, Kawrea",1
341,Moo,Dragon,??? (Moo),270,-99,0,1,112,192,158,127,105,124,3,5,5,5,1,3,C,18,"Power, Anger, Fury",Inferno,,1
619,Moo,Dragon,??? (Moo),270,-99,0,1,112,192,158,127,105,124,3,5,5,5,1,3,C,18,"Power, Anger, Fury, Hurry",Inferno,,1
993,Moo,Dragon,??? (Moo),390,-77,2,3,151,210,234,172,126,107,3,5,5,5,1,3,C,18,"Power, Anger, Fury",Inferno,,1
1191,Moo,Dragon,??? (Moo),466,-66,2,3,6,6,6,6,6,6,3,4,5,4,3,3,C,18,"Power, Anger, Real",SpinningClaw,,1
29,Crab Dragon,Dragon,Arrow Head,310,-30,0,1,100,150,140,120,90,130,3,4,4,3,2,4,D,18,"Power, Anger, Fury",,,0
611,Crab Dragon,Dragon,Arrow Head,310,-30,0,1,100,150,140,120,90,130,3,4,4,3,2,4,D,18,"Power, Anger, Fury, Guard",,,0
33,Dodongo,Dragon,Bajarl,290,-30,0,1,100,170,130,120,90,110,3,5,4,3,2,3,D,17,"Power, Anger, Fury",,Torble sea,0
615,Dodongo,Dragon,Bajarl,290,-30,0,1,100,170,130,120,90,110,3,5,4,3,2,3,D,17,"Power, Anger, Fury, Vigor",,Torble sea,0
25,Corkasus,Dragon,Beaclon,270,-5,1,2,100,170,130,120,90,110,3,5,3,3,2,3,D,17,"Power, Anger, Fury",,Pull,0
607,Corkasus,Dragon,Beaclon,270,-5,1,2,100,170,130,120,90,110,3,5,3,3,2,3,D,17,"Power, Anger, Fury, Vigor",,Pull,0
24,Dragon,Dragon,Dragon,250,-70,1,2,100,170,160,120,90,110,3,5,5,3,2,3,D,19,"Power, Anger, Fury",,,0
487,Dragon,Dragon,Dragon,270,-70,1,2,112,192,158,127,105,124,3,5,5,3,2,3,D,19,"Power, Anger, Grit, Fury, Real",Claw,,1
606,Dragon,Dragon,Dragon,250,-70,1,2,100,170,160,120,90,110,3,5,5,3,2,3,D,19,"Power, Anger, Fight, Fury",,,0
1169,Dragon,Dragon,Dragon,390,25,0,1,97,111,136,148,98,93,3,5,5,3,2,3,C,17,"Fury, No Anger",Wing Combo,,1
28,Armor Dragon,Dragon,Durahan,310,-60,3,4,100,170,140,120,90,130,3,5,4,3,2,4,D,17,"Power, Anger, Fury",,Domino,0
610,Armor Dragon,Dragon,Durahan,310,-60,3,4,100,170,140,120,90,130,3,5,4,3,2,4,D,17,"Power, Anger, Will, Fury",,Domino,0
31,Gariel,Dragon,Gali,250,55,0,1,100,130,160,120,90,110,3,4,5,3,2,3,D,18,"Power, Anger, Fury",,,0
613,Gariel,Dragon,Gali,250,55,0,1,100,130,160,120,90,110,3,4,5,3,2,3,D,18,"Power, Anger, Will, Fury",,,0
27,Stone Dragon,Dragon,Golem,290,0,2,3,100,170,140,80,90,130,3,5,4,2,2,4,D,19,"Power, Anger, Fury",,,0
609,Stone Dragon,Dragon,Golem,290,0,2,3,100,170,140,80,90,130,3,5,4,2,2,4,D,19,"Power, Anger, Fury, Guard",,,0
1170,Stone Dragon,Dragon,Golem,400,-25,2,3,93,152,153,116,74,92,3,5,4,2,2,4,C,19,"Fury, Guard, No Power Special","Two Bites, Claw",,1
26,Tecno Dragon,Dragon,Henger,270,35,0,1,100,170,140,120,130,110,3,5,4,3,3,3,D,18,"Power, Anger, Fury",,Shoot,0
488,Tecno Dragon,Dragon,Henger,290,35,0,1,120,184,161,131,136,115,3,5,4,3,3,3,D,18,"Power, Anger, Fury",,Shoot,1
608,Tecno Dragon,Dragon,Henger,270,35,0,1,100,170,140,120,130,110,3,5,4,3,3,3,D,18,"Power, Anger, Fury, Guard",,Shoot,0
1090,Tecno Dragon,Dragon,Henger,390,55,2,3,181,92,181,92,181,92,3,5,4,3,3,3,D,18,"Power, Anger, Grit, Fury",Fire Breath,Shoot,1
35,Death Dragon,Dragon,Joker,250,-80,3,4,100,130,160,140,90,110,3,4,5,4,2,3,D,17,"Power, Anger, Fury, Real",,,0
617,Death Dragon,Dragon,Joker,250,-80,3,4,100,130,160,140,90,110,3,4,5,4,2,3,D,17,"Power, Anger, Fury, Hurry, Real",,,0
1091,Death Dragon,Dragon,Joker,444,-80,3,4,8,1,22,9,20,6,3,4,5,4,2,3,D,17,"Power, Anger, Fury, Real",Claw Combo,,1
1139,Death Dragon,Dragon,Joker,400,-80,3,4,144,159,210,164,82,101,3,4,5,4,2,3,D,17,"Power, Anger, Grit, Fury, Real",Inferno,,1
32,Oscerot,Dragon,Kato,330,-60,2,3,100,140,160,120,130,110,3,3,5,3,3,3,D,18,"Power, Anger, Fury",,Meditate,0
614,Oscerot,Dragon,Kato,330,-60,2,3,100,140,160,120,130,110,3,3,5,3,3,3,D,18,"Power, Anger, Grit, Fury",,Meditate,0
34,Gidras,Dragon,Metalner,290,-40,0,1,70,100,110,140,90,150,3,4,3,4,2,4,C,14,"Power, Anger, Fury",,,0
616,Gidras,Dragon,Metalner,290,-40,0,1,70,100,110,140,90,150,3,4,3,4,2,4,C,14,"Power, Anger, Fury, Hurry",,,0
1162,Gidras,Dragon,Metalner,390,0,0,1,199,112,140,199,112,140,3,4,3,4,2,4,D,14,"Power, Anger, Hurry","Two Bites, Trample, SlammingDown",,1
36,Ragnaroks,Dragon,Monol,250,-50,0,1,100,150,140,120,90,130,3,4,4,3,2,4,D,19,"Power, Anger, Fury",,,0
618,Ragnaroks,Dragon,Monol,250,-50,0,1,100,150,140,120,90,130,3,4,4,3,2,4,D,19,"Power, Anger, Fury, Guard",,,0
1092,Ragnaroks,Dragon,Monol,410,-64,1,2,164,164,164,164,164,164,3,4,4,3,2,4,D,19,"Power, Anger, Fury, Hurry",Fire Breath,Domino,1
23,Tiamat,Dragon,Pixie,270,-55,1,2,80,130,170,120,100,110,2,4,5,3,3,2,C,14,"Power, Anger, Fury",,,0
605,Tiamat,Dragon,Pixie,270,-55,1,2,80,130,170,120,100,110,2,4,5,3,3,2,C,14,"Power, Anger, Fury, Ease",,,0
30,Hound Dragon,Dragon,Tiger,270,40,1,2,100,140,160,130,90,80,3,4,5,4,3,2,C,15,"Power, Anger, Fury",,,0
612,Hound Dragon,Dragon,Tiger,270,40,1,2,100,140,160,130,90,80,3,4,5,4,3,2,C,15,"Power, Anger, Fury, Hurry",,,0
460,Cawken,Ducken,??? (Cawken),340,40,2,3,107,151,134,130,109,130,3,4,3,3,3,3,D,12,"Power, Anger, Hurry",Ducken Dance,,1
461,Cawken,Ducken,??? (Cawken),320,50,3,4,71,90,162,141,109,82,3,3,3,4,5,1,D,8,"Power, Anger, Hurry",Bound,,1
910,Cawken,Ducken,??? (Cawken),340,40,2,3,107,151,134,130,109,130,3,4,3,3,3,3,D,12,"Power, Anger, Fury, Hurry",Ducken Dance,,1
1039,Cawken,Ducken,??? (Cawken),420,15,2,3,122,132,184,163,142,117,3,4,3,3,3,3,D,12,"Power, Anger, Hurry",Ducken Dance,,1
1196,Cawken,Ducken,??? (Cawken),440,10,2,3,98,76,54,3,2,1,3,4,3,3,3,3,C,10,"Power, Anger, Hurry",Explosion,Meditate,1
457,Watermelony,Ducken,??? (Watermelony),340,-40,1,2,98,106,140,164,154,77,3,3,4,4,4,1,D,10,"Power, Anger, Hurry",,,1
458,Watermelony,Ducken,??? (Watermelony),320,50,3,4,89,97,143,157,104,60,3,3,3,4,5,1,D,8,"Power, Anger, Hurry",,,1
459,Watermelony,Ducken,??? (Watermelony),320,50,3,4,73,88,163,146,108,73,3,3,3,4,5,1,D,8,"Power, Anger, Hurry",Surprise,,1
909,Watermelony,Ducken,??? (Watermelony),340,-40,1,2,98,106,140,164,154,77,3,3,4,4,4,1,D,10,"Power, Anger, Will, Hurry",,,1
1038,Watermelony,Ducken,??? (Watermelony),440,-15,0,1,117,124,164,180,171,94,3,3,4,4,4,1,D,10,"Power, Anger, Hurry",Surprise,,1
280,Ducken,Ducken,Ducken,300,50,3,4,70,80,130,140,100,50,3,3,3,4,5,1,D,8,"Power, Anger, Hurry",,,0
562,Ducken,Ducken,Ducken,320,70,3,4,79,93,133,187,108,57,3,3,3,4,5,1,D,8,"Power, Anger, Hurry",Ducken Dance,,1
908,Ducken,Ducken,Ducken,300,50,3,4,70,80,130,140,100,50,3,3,3,4,5,1,D,8,"Power, Anger, Guard, Hurry",,,0
1137,Ducken,Ducken,Ducken,440,-30,0,1,14,2,1,2,12,7,3,3,3,4,5,1,C,9,"Power, Anger, Hurry","Bound, Bound Charge, Bound Stamp",,1
278,Blocken,Ducken,Golem,320,40,2,3,70,150,120,130,100,110,3,4,3,3,3,3,D,12,"Power, Anger, Hurry",,,0
906,Blocken,Ducken,Golem,320,40,2,3,70,150,120,130,100,110,3,4,3,3,3,3,D,12,"Power, Anger, Guard, Hurry",,,0
279,Ticken,Ducken,Suezo,320,-40,1,2,80,100,130,150,140,50,3,3,4,4,4,1,D,10,"Power, Anger, Hurry",,,0
561,Ticken,Ducken,Suezo,340,-40,1,2,85,102,139,151,146,112,3,3,4,4,4,1,D,10,"Power, Anger, Hurry",Eye Beam,,1
907,Ticken,Ducken,Suezo,320,-40,1,2,80,100,130,150,140,50,3,3,4,4,4,1,D,10,"Power, Anger, Ease, Hurry",,,0
373,Kokushi Muso,Durahan,??? (Kokushi Muso),400,-35,0,1,99,125,87,178,88,163,3,3,2,4,1,5,C,11,"Power, Anger, Guard, Hurry",,Domino,1
374,Kokushi Muso,Durahan,??? (Kokushi Muso),380,-50,1,2,115,123,152,136,134,122,2,3,4,3,2,3,C,11,"Power, Anger, Will",,Domino,1
375,Kokushi Muso,Durahan,??? (Kokushi Muso),380,5,1,2,144,156,81,118,50,182,3,4,2,3,1,5,D,14,"Power, Anger, Will",Air Shot,"Domino, Pull",1
376,Kokushi Muso,Durahan,??? (Kokushi Muso),400,10,2,3,123,210,103,99,67,175,3,4,3,2,1,5,D,16,"Power, Anger, Will",,Domino,1
724,Kokushi Muso,Durahan,??? (Kokushi Muso),400,-35,0,1,99,125,87,178,88,163,3,3,2,4,1,5,C,11,"Power, Anger, Will, Guard, Hurry",,Domino,1
1005,Kokushi Muso,Durahan,??? (Kokushi Muso),430,-15,0,1,107,148,120,191,109,217,3,3,2,4,2,5,C,11,"Power, Anger, Guard, Hurry",Air Shot,Domino,1
1195,Kokushi Muso,Durahan,??? (Kokushi Muso),410,13,2,3,111,234,56,78,99,99,3,4,3,3,2,4,B,13,"Power, Anger, Guard, Hurry",RollingSlash,Domino,1
372,Ruby Knight,Durahan,??? (Ruby Knight),360,-65,1,2,129,137,185,112,79,147,3,4,4,3,1,4,D,16,"Power, Anger, Will",Jumping Stab,Domino,1
723,Ruby Knight,Durahan,??? (Ruby Knight),360,-65,1,2,129,137,185,112,79,147,3,4,4,3,1,4,D,16,"Power, Anger, Will, Fury",Jumping Stab,Domino,1
1004,Ruby Knight,Durahan,??? (Ruby Knight),440,-45,0,1,144,194,169,137,99,151,3,4,4,3,2,3,D,16,"Power, Anger, Will",Jumping Stab,Domino,1
1117,Ruby Knight,Durahan,??? (Ruby Knight),410,-80,2,3,106,124,217,151,110,124,3,3,5,3,2,3,D,16,"Power, Anger, Will","Thunderbolt, Lightning","Domino, Parepare",1
369,Shogun,Durahan,??? (Shogun),440,-30,1,2,95,137,143,117,96,166,3,3,4,3,1,4,D,13,"Power, Anger, Will",,Domino,1
370,Shogun,Durahan,??? (Shogun),400,65,2,3,118,129,149,123,95,169,3,3,4,3,2,4,D,14,"Power, Anger, Will",MillionStabs,"Domino, Kawrea",1
371,Shogun,Durahan,??? (Shogun),380,50,1,2,135,112,156,150,104,114,3,3,3,4,2,3,C,12,"Power, Anger, Will",,Domino,1
722,Shogun,Durahan,??? (Shogun),440,-30,1,2,95,137,143,117,96,166,3,3,4,3,1,4,D,13,"Power, Anger, Will, Fight",,Domino,1
1003,Shogun,Durahan,??? (Shogun),430,20,3,4,126,182,171,140,88,182,3,3,4,3,2,4,D,13,"Power, Anger, Will",MillionStabs,Domino,1
1116,Shogun,Durahan,??? (Shogun),390,50,0,1,140,104,210,130,118,144,3,3,4,3,2,4,C,14,"Power, Anger, Will","Air Shot, Blast Shot",Torble sea,1
1192,Shogun,Durahan,??? (Shogun),400,-50,2,3,148,207,78,124,131,160,3,4,2,3,3,4,C,14,"Power, Anger, Will","Thunderbolt, Lightning",Domino,1
124,Lorica,Durahan,Arrow Head,400,-25,0,1,120,140,90,110,50,160,3,4,3,3,1,5,D,15,"Power, Anger, Will",,Domino,0
716,Lorica,Durahan,Arrow Head,400,-25,0,1,120,140,90,110,50,160,3,4,3,3,1,5,D,15,"Power, Anger, Will, Guard",,Domino,0
121,Hercules,Durahan,Beaclon,360,5,1,2,100,150,80,110,30,180,3,4,2,3,1,5,D,14,"Power, Anger, Will",,"Domino, Pull",0
713,Hercules,Durahan,Beaclon,360,5,1,2,100,150,80,110,30,180,3,4,2,3,1,5,D,14,"Power, Anger, Will, Vigor",,"Domino, Pull",0
120,Vesuvius,Durahan,Dragon,340,-65,1,2,100,130,150,110,70,140,3,4,4,3,1,4,D,16,"Power, Anger, Will",,Domino,0
712,Vesuvius,Durahan,Dragon,340,-65,1,2,100,130,150,110,70,140,3,4,4,3,1,4,D,16,"Power, Anger, Will, Fury",,Domino,0
123,Durahan,Durahan,Durahan,400,-50,3,4,100,150,80,110,70,180,3,4,3,3,1,5,D,14,"Power, Anger, Will",,Domino,0
509,Durahan,Durahan,Durahan,420,-50,3,4,105,158,90,112,86,220,3,4,3,3,1,5,D,14,"Power, Anger, Will",,Domino,1
715,Durahan,Durahan,Durahan,400,-50,3,4,100,150,80,110,70,180,3,4,3,3,1,5,D,14,"Power, Anger, Will, Guard",,Domino,0
1145,Durahan,Durahan,Durahan,400,-50,3,4,162,195,173,170,62,211,3,5,3,3,1,5,D,14,"Power, Anger, Grit, Will, Real",Gust Slash,Domino,1
1172,Durahan,Durahan,Durahan,380,25,3,4,103,87,73,105,69,56,3,4,3,3,1,5,C,12,"Will, No Anger","V Slash, Kick Combo",Domino,1
122,Kelmadics,Durahan,Golem,380,10,2,3,120,150,100,90,60,170,3,4,3,2,1,5,D,16,"Power, Anger, Will",,Domino,0
714,Kelmadics,Durahan,Golem,380,10,2,3,120,150,100,90,60,170,3,4,3,2,1,5,D,16,"Power, Anger, Will, Guard",,Domino,0
128,Genocider,Durahan,Joker,340,-80,3,4,100,120,150,140,80,130,3,4,4,4,1,4,D,14,"Power, Anger, Will, Real",,Domino,0
720,Genocider,Durahan,Joker,340,-80,3,4,100,120,150,140,80,130,3,4,4,4,1,4,D,14,"Power, Anger, Grit, Will, Real",,Domino,0
127,Metal Glory,Durahan,Metalner,380,-35,0,1,90,120,80,140,70,160,3,3,2,4,1,5,C,11,"Power, Anger, Will",,Domino,0
510,Metal Glory,Durahan,Metalner,400,-35,0,1,106,130,95,159,81,176,3,3,2,4,1,5,C,11,"Power, Anger, Will",,Domino,1
719,Metal Glory,Durahan,Metalner,380,-35,0,1,90,120,80,140,70,160,3,3,2,4,1,5,C,11,"Power, Anger, Will, Hurry",,Domino,0
1165,Metal Glory,Durahan,Metalner,420,10,0,1,158,221,149,165,82,44,3,3,2,4,3,4,B,11,"Power, Anger",Slash Combo,Domino,1
129,Wood Knight,Durahan,Mock,420,-30,1,2,90,120,130,110,70,150,2,3,4,3,1,4,D,13,"Power, Anger, Will",,Domino,0
721,Wood Knight,Durahan,Mock,420,-30,1,2,90,120,130,110,70,150,2,3,4,3,1,4,D,13,"Power, Anger, Grit, Will",,Domino,0
1115,Wood Knight,Durahan,Mock,430,-30,2,3,116,102,177,120,90,128,3,3,4,3,1,4,D,13,"Power, Anger, Will","Air Shot, Lightning",Domino,1
126,Garuda,Durahan,Phoenix,380,65,2,3,100,120,130,110,90,150,3,3,4,3,2,4,D,14,"Power, Anger, Will",,"Domino, Kawrea",0
718,Garuda,Durahan,Phoenix,380,65,2,3,100,120,130,110,90,150,3,3,4,3,2,4,D,14,"Power, Anger, Will, Fury",,"Domino, Kawrea",0
1114,Garuda,Durahan,Phoenix,410,65,2,3,114,122,129,138,142,105,3,3,4,3,2,4,D,14,"Power, Anger, Will",DeathBringer,"Domino, Kawrea",1
119,Leziena,Durahan,Pixie,360,-50,1,2,90,110,150,130,100,120,2,3,4,3,2,3,C,11,"Power, Anger, Will",,Domino,0
711,Leziena,Durahan,Pixie,360,-50,1,2,90,110,150,130,100,120,2,3,4,3,2,3,C,11,"Power, Anger, Will, Ease",,Domino,0
125,Hound Knight,Durahan,Tiger,360,50,1,2,130,110,120,140,90,100,3,3,3,4,2,3,C,12,"Power, Anger, Will",,Domino,0
717,Hound Knight,Durahan,Tiger,360,50,1,2,130,110,120,140,90,100,3,3,3,4,2,3,C,12,"Power, Anger, Will, Hurry",,Domino,0
1113,Hound Knight,Durahan,Tiger,420,-30,0,1,138,142,136,120,84,130,4,3,3,3,2,3,C,12,"Power, Anger, Will",Lightning,"Domino, Papas",1
435,GabooSoldier,Gaboo,??? (GabooSoldier),370,25,2,3,193,127,77,49,158,83,5,4,1,1,4,1,D,14,"Power, Anger, Fight",,,1
436,GabooSoldier,Gaboo,??? (GabooSoldier),350,60,1,2,166,125,65,145,160,61,4,3,2,3,4,1,C,12,"Power, Anger, Fight",,,1
437,GabooSoldier,Gaboo,??? (GabooSoldier),330,-80,3,4,161,142,139,112,153,46,4,4,3,3,3,1,D,14,"Power, Anger, Fight, Real",Kiss,,1
874,GabooSoldier,Gaboo,??? (GabooSoldier),370,25,2,3,193,127,77,49,158,83,5,4,1,1,4,1,D,14,"Power, Anger, Grit, Fight",,,1
1030,GabooSoldier,Gaboo,??? (GabooSoldier),410,5,2,3,214,177,89,133,146,94,5,4,2,2,4,1,D,14,"Power, Anger, Fight",Kiss,,1
983,Mad Gaboo,Gaboo,??? (Mad Gaboo),370,-45,2,3,342,297,78,123,277,96,5,5,2,3,4,2,C,11,"Power, Anger, Fight, Ease",Ninja Kick,"Endure, Parepare",1
1211,Mad Gaboo,Gaboo,??? (Mad Gaboo),370,-45,2,3,288,316,93,104,246,166,4,5,2,3,4,3,C,11,"Power, Anger, Fight, Ease",Rolling Chop,"Endure, Parepare",1
252,Gaboo,Gaboo,Gaboo,350,25,2,3,190,120,30,40,150,70,5,4,1,1,4,1,D,14,"Power, Anger, Fight",,,0
552,Gaboo,Gaboo,Gaboo,370,25,2,3,216,125,47,47,166,83,5,4,1,1,4,1,D,14,"Power, Anger, Fight",,,1
872,Gaboo,Gaboo,Gaboo,350,25,2,3,190,120,30,40,150,70,5,4,1,1,4,1,D,14,"Power, Anger, Fight, Guard",,,0
253,Jelly Gaboo,Gaboo,Jell,350,10,0,1,140,130,80,70,120,90,4,3,2,2,3,2,D,14,"Power, Anger, Fight",,Endure,0
553,Jelly Gaboo,Gaboo,Jell,350,10,0,1,1,7,7,177,177,177,4,3,2,2,3,2,D,14,"Power, Anger, Fight",Kiss,Pull,1
873,Jelly Gaboo,Gaboo,Jell,350,10,0,1,140,130,80,70,120,90,4,3,2,2,3,2,D,14,"Power, Anger, Will, Fight",,Endure,0
251,Dokoo,Gaboo,Joker,310,-80,3,4,150,140,130,110,100,40,4,4,3,3,3,1,D,14,"Power, Anger, Fight, Real",,,0
871,Dokoo,Gaboo,Joker,310,-80,3,4,150,140,130,110,100,40,4,4,3,3,3,1,D,14,"Power, Anger, Will, Fight, Real",,,0
1158,Dokoo,Gaboo,Joker,410,-80,3,4,188,181,63,91,176,70,4,4,3,3,4,1,D,14,"Power, Anger, Fight, Real",Ninja Kick,,1
250,Frozen Gaboo,Gaboo,Tiger,330,60,1,2,160,120,60,100,150,50,4,3,2,3,4,1,C,12,"Power, Anger, Fight",,,0
551,Frozen Gaboo,Gaboo,Tiger,350,60,1,2,182,122,64,137,162,53,4,3,2,3,4,1,C,12,"Power, Anger, Fight",,,1
870,Frozen Gaboo,Gaboo,Tiger,330,60,1,2,160,120,60,100,150,50,4,3,2,3,4,1,C,12,"Power, Anger, Fight, Hurry",,,0
393,Happy Mask,Gali,??? (Happy Mask),290,50,1,2,111,143,185,139,111,114,2,3,5,3,3,2,B,13,"Power, Anger, Fury",Red Wisp,,1
394,Happy Mask,Gali,??? (Happy Mask),310,40,0,1,118,155,151,112,108,113,2,3,4,3,2,3,C,15,"Power, Anger, Hurry",Back Blow,Run,1
395,Happy Mask,Gali,??? (Happy Mask),290,60,0,1,131,164,120,149,121,95,2,4,3,3,3,2,C,16,"Power, Anger, Ease",Whirlwind,,1
794,Happy Mask,Gali,??? (Happy Mask),290,50,1,2,111,143,185,139,111,114,2,3,5,3,3,2,B,13,"Power, Anger, Grit, Fury",Red Wisp,,1
1011,Happy Mask,Gali,??? (Happy Mask),420,25,1,2,140,162,211,159,104,108,2,3,5,3,3,2,B,13,"Power, Anger, Fury",Whirlwind,Run,1
187,Gali,Gali,Gali,250,90,0,1,110,130,160,120,90,100,2,4,5,3,2,3,C,17,"Power, Anger, Fury",,,0
524,Gali,Gali,Gali,270,90,0,1,119,143,188,130,98,114,2,4,5,3,2,3,C,17,"Power, Anger, Fury",,,1
787,Gali,Gali,Gali,250,90,0,1,110,130,160,120,90,100,2,4,5,3,2,3,C,17,"Power, Anger, Will, Fury",,,0
1126,Gali,Gali,Gali,430,80,3,4,19,99,92,19,99,97,2,4,5,3,2,3,C,17,"Power, Anger, Fury, Real",Flying Mask,,1
1173,Gali,Gali,Gali,390,99,0,1,78,76,126,152,56,63,2,4,5,3,2,3,D,13,"Fury, No Anger",Spirit Blow,,1
183,Stone Mask,Gali,Golem,290,55,2,3,90,160,120,110,100,150,2,4,4,2,2,4,D,17,"Power, Anger, Fury",,,0
783,Stone Mask,Gali,Golem,290,55,2,3,90,160,120,110,100,150,2,4,4,2,2,4,D,17,"Power, Anger, Fury, Guard",,,0
1125,Stone Mask,Gali,Golem,430,44,2,3,88,88,88,88,88,88,2,4,4,2,2,4,D,17,"Power, Anger, Fury",Thwack,,1
186,Furred Mask,Gali,Hare,270,60,0,1,100,150,110,130,120,90,2,4,3,3,3,2,C,16,"Power, Anger, Fury",,,0
786,Furred Mask,Gali,Hare,270,60,0,1,100,150,110,130,120,90,2,4,3,3,3,2,C,16,"Power, Anger, Grit, Fury",,,0
189,Aqua Mask,Gali,Jell,290,40,0,1,90,120,150,110,80,100,2,3,5,3,2,3,C,16,"Power, Anger, Fury",,Endure,0
789,Aqua Mask,Gali,Jell,290,40,0,1,90,120,150,110,80,100,2,3,5,3,2,3,C,16,"Power, Anger, Will, Fury",,Endure,0
191,Galirous,Gali,Monol,250,10,0,1,90,110,130,120,100,140,2,3,4,3,2,4,D,17,"Power, Anger, Fury",,,0
525,Galirous,Gali,Monol,270,10,0,1,123,126,144,127,108,145,2,3,4,3,2,4,D,17,"Power, Anger, Fury",,,1
791,Galirous,Gali,Monol,250,10,0,1,90,110,130,120,100,140,2,3,4,3,2,4,D,17,"Power, Anger, Fury, Guard",,,0
1152,Galirous,Gali,Monol,370,10,2,3,119,130,167,111,88,162,3,3,4,3,2,4,D,17,"Power, Anger, Fury","Smash Thwack, Spirit Punch",,1
193,Purple Mask,Gali,Naga,250,-35,1,2,90,130,140,120,100,110,2,3,3,3,2,3,C,15,"Power, Anger, Fury",,,0
793,Purple Mask,Gali,Naga,250,-35,1,2,90,130,140,120,100,110,2,3,3,3,2,3,C,15,"Power, Anger, Fury, Hurry",,,0
1179,Purple Mask,Gali,Naga,420,-70,2,3,140,219,74,144,90,133,3,4,3,3,3,3,C,15,"Power, Anger, Real",Heavy Blow,,1
182,Pink Mask,Gali,Pixie,270,0,1,2,100,130,170,120,110,90,2,3,5,3,3,2,B,13,"Power, Anger, Fury",,,0
782,Pink Mask,Gali,Pixie,270,0,1,2,100,130,170,120,110,90,2,3,5,3,3,2,B,13,"Power, Anger, Fury, Ease",,,0
190,Colorful,Gali,Plant,330,70,1,2,110,100,140,120,80,90,3,2,4,3,2,2,C,13,"Power, Anger, Fury",,,0
790,Colorful,Gali,Plant,330,70,1,2,110,100,140,120,80,90,3,2,4,3,2,2,C,13,"Power, Anger, Grit, Fury",,,0
188,Suezo Mask,Gali,Suezo,290,-20,1,2,90,130,160,120,100,110,2,3,5,3,2,3,C,15,"Power, Anger, Fury",,,0
788,Suezo Mask,Gali,Suezo,290,-20,1,2,90,130,160,120,100,110,2,3,5,3,2,3,C,15,"Power, Anger, Fury, Ease",,,0
1151,Suezo Mask,Gali,Suezo,390,50,2,3,93,126,160,198,122,89,2,3,5,4,2,3,B,13,"Fury, Ease, No Anger",Hurricane,,1
185,Fanged Mask,Gali,Tiger,270,80,1,2,90,120,160,130,110,100,2,3,5,4,3,2,C,14,"Power, Anger, Fury",,,0
785,Fanged Mask,Gali,Tiger,270,80,1,2,90,120,160,130,110,100,2,3,5,4,3,2,C,14,"Power, Anger, Fury, Hurry",,,0
192,Brown Mask,Gali,Worm,270,45,2,3,100,110,140,120,80,90,3,3,4,3,2,3,C,16,"Power, Anger, Fury",,,0
792,Brown Mask,Gali,Worm,270,45,2,3,100,110,140,120,80,90,3,3,4,3,2,3,C,16,"Power, Anger, Fury, Guard",,,0
184,Scaled Mask,Gali,Zuum,290,40,0,1,100,130,140,110,90,100,2,3,4,3,2,3,C,15,"Power, Anger, Fury",,Run,0
784,Scaled Mask,Gali,Zuum,290,40,0,1,100,130,140,110,90,100,2,3,4,3,2,3,C,15,"Power, Anger, Grit, Fury",,Run,0
1150,Scaled Mask,Gali,Zuum,360,50,2,3,214,210,206,183,235,207,2,4,4,3,4,3,B,13,"Will, Fury, No Anger","Blaze Wall, Spirit Punch",Run,1
415,Chef,Ghost,??? (Chef),320,0,1,2,116,102,121,171,167,89,1,1,4,4,4,1,B,7,"Power, Anger",,Dodge,1
416,Chef,Ghost,??? (Chef),320,0,1,2,108,131,135,150,154,90,1,1,4,4,4,1,B,7,"Power, Anger",Magic Card,Dodge,1
417,Chef,Ghost,??? (Chef),320,0,1,2,144,93,126,159,160,83,1,1,4,4,4,1,B,7,"Power, Anger",,Dodge,1
822,Chef,Ghost,??? (Chef),320,0,1,2,116,102,121,171,167,89,1,1,4,4,4,1,B,7,"Power, Anger, Real",,Dodge,1
1019,Chef,Ghost,??? (Chef),440,20,0,1,130,113,184,190,171,97,3,2,4,4,4,1,B,7,"Power, Anger",Magic Card,Dodge,1
213,Ghost,Ghost,Ghost,300,0,1,2,100,90,120,140,150,80,1,1,4,4,4,1,B,7,"Power, Anger",,Dodge,0
536,Ghost,Ghost,Ghost,320,0,1,2,110,95,139,176,166,83,1,1,4,4,4,1,B,7,"Power, Anger",Energy Shot,Dodge,1
821,Ghost,Ghost,Ghost,300,0,1,2,140,110,180,120,160,70,1,1,4,4,4,1,B,7,"Power, Anger, Vigor",,Dodge,0
1076,Ghost,Ghost,Ghost,300,0,1,2,140,110,180,120,160,70,1,1,4,4,4,1,C,6,"Power, Anger, Vigor",,Dodge,0
1154,Ghost,Ghost,Ghost,370,-40,0,1,183,131,130,192,186,183,3,2,3,3,4,3,A,7,No Power Special,Pigeon Bomb,Dodge,1
363,Dream Golem,Golem,??? (Dream Golem),330,-20,0,1,142,142,122,44,103,181,3,4,3,1,1,5,E,18,"Power, Anger, Guard",Earthquake,,1
364,Dream Golem,Golem,??? (Dream Golem),430,-70,2,3,99,145,114,61,82,158,2,3,3,1,2,3,D,14,"Power, Anger, Fury",Roll Assault,Leap,1
365,Dream Golem,Golem,??? (Dream Golem),350,-30,1,2,104,158,148,107,90,123,2,4,4,2,2,3,C,14,"Power, Anger, Guard",,,1
690,Dream Golem,Golem,??? (Dream Golem),330,-20,0,1,142,142,122,44,103,181,3,4,3,1,1,5,E,18,"Power, Anger, Fight, Guard",Earthquake,,1
1001,Dream Golem,Golem,??? (Dream Golem),440,-10,0,1,130,171,134,66,112,228,3,4,3,2,1,5,E,18,"Power, Anger, Guard",Earthquake,Leap,1
1223,ForwardGolem,Golem,??? (ForwardGolem),330,-20,0,1,142,142,122,44,103,181,3,4,3,1,1,5,E,18,"Power, Anger, Guard",Earthquake,,0
1224,ForwardGolem,Golem,??? (ForwardGolem),430,-70,2,3,99,145,114,61,82,158,2,3,3,1,2,3,D,14,"Power, Anger, Fury",Roll Assault,Leap,0
1225,ForwardGolem,Golem,??? (ForwardGolem),350,-30,1,2,104,158,148,107,90,123,2,4,4,2,2,3,C,14,"Power, Anger, Guard",,,0
974,Sand Golem,Golem,??? (Sand Golem),370,-40,2,3,251,294,177,113,99,309,4,4,3,2,2,5,D,15,"Power, Anger, Fight, Guard",Brow Smash,"Shoot, Mandy",1
1202,Sand Golem,Golem,??? (Sand Golem),370,-40,2,3,251,307,165,126,120,274,4,5,3,2,2,4,D,15,"Power, Anger, Fight, Guard",Smash Thwack,"Shoot, Mandy",1
84,Dagon,Golem,Arrow Head,370,10,0,1,120,150,110,80,40,200,3,4,3,2,1,5,E,18,"Power, Anger, Guard",,,0
502,Dagon,Golem,Arrow Head,390,10,0,1,126,151,130,82,84,208,3,4,3,2,1,5,E,18,"Power, Anger, Grit, Guard",,,1
674,Dagon,Golem,Arrow Head,370,10,0,1,120,150,110,80,40,200,3,4,3,2,1,5,E,18,"Power, Anger, Fight, Guard",,,0
90,Dao,Golem,Bajarl,350,15,0,1,110,160,120,90,70,130,3,5,3,2,2,4,E,16,"Power, Anger, Guard",,,0
680,Dao,Golem,Bajarl,350,15,0,1,110,160,120,90,70,130,3,5,3,2,2,4,E,16,"Power, Anger, Guard, Vigor",,,0
87,Sleepyhead,Golem,Baku,370,60,2,3,140,210,70,50,40,150,4,5,2,1,1,4,E,17,"Power, Anger, Guard",,,0
677,Sleepyhead,Golem,Baku,370,60,2,3,140,210,70,50,40,150,4,5,2,1,1,4,E,17,"Power, Anger, Guard, Ease",,,0
78,Strong Horn,Golem,Beaclon,330,30,1,2,110,180,100,70,60,160,3,5,2,1,1,5,E,16,"Power, Anger, Guard",,Pull,0
668,Strong Horn,Golem,Beaclon,330,30,1,2,110,180,100,70,60,160,3,5,2,1,1,5,E,16,"Power, Anger, Guard, Vigor",,Pull,0
77,Tyrant,Golem,Dragon,310,-55,1,2,100,220,130,90,60,150,3,5,4,2,1,4,E,18,"Power, Anger, Guard",,,0
667,Tyrant,Golem,Dragon,310,-55,1,2,100,220,130,90,60,150,3,5,4,2,1,4,E,18,"Power, Anger, Fury, Guard",,,0
1163,Tyrant,Golem,Dragon,410,-90,2,3,136,242,81,145,48,129,4,5,3,2,1,4,D,18,"Power, Anger, Guard",Charge,,1
83,Battle Rocks,Golem,Durahan,370,-35,3,4,110,200,100,80,60,180,3,5,3,2,1,5,E,16,"Power, Anger, Guard",,Domino,0
673,Battle Rocks,Golem,Durahan,370,-35,3,4,110,200,100,80,60,180,3,5,3,2,1,5,E,16,"Power, Anger, Will, Guard",,Domino,0
88,Amenhotep,Golem,Gali,310,70,0,1,100,150,110,60,50,130,3,4,4,2,1,4,D,18,"Power, Anger, Guard",,,0
678,Amenhotep,Golem,Gali,310,70,0,1,100,150,110,60,50,130,3,4,4,2,1,4,D,18,"Power, Anger, Fury, Guard",,,0
81,Golem,Golem,Golem,350,35,2,3,100,220,110,70,60,160,3,5,3,1,1,5,E,18,"Power, Anger, Guard",,,0
500,Golem,Golem,Golem,370,35,2,3,105,227,128,73,69,198,3,5,3,1,1,5,E,18,"Power, Anger, Grit, Guard",,,1
671,Golem,Golem,Golem,350,35,2,3,100,220,110,70,60,160,3,5,3,1,1,5,E,18,"Power, Anger, Grit, Guard",,,0
86,Moaigon,Golem,Hare,330,40,0,1,100,160,110,70,130,120,3,5,2,2,3,3,D,17,"Power, Anger, Guard",,,0
504,Moaigon,Golem,Hare,350,40,0,1,109,222,115,76,132,121,3,5,2,2,3,3,D,17,"Power, Anger, Grit, Guard",,,1
676,Moaigon,Golem,Hare,330,40,0,1,100,160,110,70,130,120,3,5,2,2,3,3,D,17,"Power, Anger, Grit, Guard",,,0
79,Gobi,Golem,Henger,330,60,0,1,100,170,120,80,60,140,3,5,3,2,2,4,D,17,"Power, Anger, Guard",,Shoot,0
506,Gobi,Golem,Henger,350,15,0,1,126,165,145,80,61,225,3,4,3,2,1,5,D,16,"Power, Anger, Grit, Guard",,Endure,1
669,Gobi,Golem,Henger,330,60,0,1,100,170,120,80,60,140,3,5,3,2,2,4,D,17,"Power, Anger, Fury, Guard",,Shoot,0
1108,Gobi,Golem,Henger,460,60,2,3,17,17,17,17,17,17,3,5,3,2,2,4,D,17,"Power, Anger, Guard","Earthquake, Cyclone",Endure,1
1109,Gobi,Golem,Henger,410,40,1,2,120,200,100,120,80,120,3,5,3,2,2,4,D,17,"Power, Anger, Guard",Fist Shot,Shoot,1
1142,Gobi,Golem,Henger,360,60,3,4,139,209,152,89,66,189,3,5,4,2,2,4,A,17,"Power, Anger, Grit, Will, Guard",Fist Missile,Shoot,1
94,Poseidon,Golem,Jell,350,15,0,1,120,160,100,70,50,220,3,4,3,2,1,5,D,16,"Power, Anger, Guard",,Endure,0
684,Poseidon,Golem,Jell,350,15,0,1,120,160,100,70,50,220,3,4,3,2,1,5,D,16,"Power, Anger, Guard, Hurry",,Endure,0
93,Angolmor,Golem,Joker,310,-75,3,4,100,130,140,110,60,150,3,4,4,3,1,4,D,16,"Power, Anger, Guard, Real",,,0
683,Angolmor,Golem,Joker,310,-75,3,4,100,130,140,110,60,150,3,4,4,3,1,4,D,16,"Power, Anger, Guard, Vigor, Real",,,0
1164,Angolmor,Golem,Joker,420,-77,2,3,19,99,7,100,10,72,3,5,3,3,2,4,D,16,"Power, Anger, Guard, Real",Heavy Slap,,1
91,Astro,Golem,Metalner,350,-10,0,1,90,110,100,120,30,200,3,4,2,3,1,5,C,13,"Power, Anger, Guard",,,0
681,Astro,Golem,Metalner,350,-10,0,1,90,110,100,120,30,200,3,4,2,3,1,5,C,13,"Power, Anger, Guard, Hurry",,,0
1189,Astro,Golem,Metalner,450,13,2,3,13,13,13,13,13,13,3,4,3,3,2,4,D,13,"Power, Anger, Grit, Guard","Diving Press, Charge, Earthquake",,1
95,Wood Golem,Golem,Mock,390,5,1,2,110,140,150,50,60,160,2,4,4,1,1,4,E,16,"Power, Anger, Guard",,,0
685,Wood Golem,Golem,Mock,390,5,1,2,110,140,150,50,60,160,2,4,4,1,1,4,E,16,"Power, Anger, Grit, Guard",,,0
97,Black Golem,Golem,Monol,310,-20,0,1,130,140,110,40,60,170,3,4,3,1,1,5,E,18,"Power, Anger, Guard",,,0
687,Black Golem,Golem,Monol,310,-20,0,1,130,140,110,40,60,170,3,4,3,1,1,5,E,18,"Power, Anger, Fury, Guard",,,0
99,Marble Guy,Golem,Naga,310,-65,1,2,120,190,60,70,50,150,3,5,2,2,1,4,D,15,"Power, Anger, Guard",,,0
689,Marble Guy,Golem,Naga,310,-65,1,2,120,190,60,70,50,150,3,5,2,2,1,4,D,15,"Power, Anger, Grit, Guard",,,0
76,Pink Golem,Golem,Pixie,330,-30,1,2,90,150,140,80,70,120,2,4,4,2,2,3,C,14,"Power, Anger, Guard",,,0
666,Pink Golem,Golem,Pixie,330,-30,1,2,90,150,140,80,70,120,2,4,4,2,2,3,C,14,"Power, Anger, Guard, Ease",,,0
1107,Pink Golem,Golem,Pixie,460,20,3,4,16,16,16,16,16,16,2,4,4,3,2,3,C,14,"Power, Anger, Will, Guard",Charge,,1
96,Ecologuardia,Golem,Plant,390,50,1,2,140,100,110,90,60,130,4,3,3,2,1,3,E,14,"Power, Anger, Guard",,,0
686,Ecologuardia,Golem,Plant,390,50,1,2,140,100,110,90,60,130,4,3,3,2,1,3,E,14,"Power, Anger, Will, Guard",,,0
92,Titan,Golem,Suezo,350,-50,1,2,110,130,140,70,60,150,3,4,4,2,1,4,E,16,"Power, Anger, Guard",,,0
505,Titan,Golem,Suezo,370,-50,1,2,113,137,149,78,73,197,3,4,4,2,1,4,E,16,"Power, Anger, Grit, Guard",,,1
682,Titan,Golem,Suezo,350,-50,1,2,110,130,140,70,60,150,3,4,4,2,1,4,E,16,"Power, Anger, Guard, Ease",,,0
1111,Titan,Golem,Suezo,450,55,3,4,55,55,55,55,55,55,3,4,4,2,1,4,D,16,"Power, Anger",,,1
85,Big Blue,Golem,Tiger,330,60,1,2,120,140,110,130,70,100,3,4,3,3,2,3,D,14,"Power, Anger, Guard",,,0
503,Big Blue,Golem,Tiger,350,60,1,2,180,143,117,135,73,109,3,4,3,3,2,3,D,14,"Power, Anger, Grit, Guard",,,1
675,Big Blue,Golem,Tiger,330,60,1,2,120,140,110,130,70,100,3,4,3,3,2,3,D,14,"Power, Anger, Guard, Hurry",,,0
1143,Big Blue,Golem,Tiger,410,-25,0,1,148,148,103,175,117,115,3,4,3,3,2,4,D,18,"Will, Guard, Hurry, No Power Special",Giant Clap,,1
98,Magna,Golem,Worm,330,25,2,3,150,160,110,90,20,130,4,4,3,2,1,4,E,17,"Power, Anger, Guard",,,0
688,Magna,Golem,Worm,330,25,2,3,150,160,110,90,20,130,4,4,3,2,1,4,E,17,"Power, Anger, Will, Guard",,,0
80,Mariomax,Golem,Wracky,410,-70,2,3,90,130,100,60,70,120,3,3,3,1,2,3,D,14,"Power, Anger, Guard",,Leap,0
670,Mariomax,Golem,Wracky,410,-70,2,3,90,130,100,60,70,120,3,3,3,1,2,3,D,14,"Power, Anger, Guard, Hurry",,Leap,0
89,Pressure,Golem,Zilla,350,35,2,3,110,150,140,80,60,160,3,5,4,1,1,4,D,18,"Power, Anger, Guard",,Torble sea,0
679,Pressure,Golem,Zilla,350,35,2,3,110,150,140,80,60,160,3,5,4,1,1,4,D,18,"Power, Anger, Grit, Guard",,Torble sea,0
1110,Pressure,Golem,Zilla,440,22,2,3,22,22,22,22,22,22,3,4,4,3,1,4,C,18,"Power, Anger, Guard",,"Endure, Swim",1
82,Scaled Golem,Golem,Zuum,350,20,0,1,100,140,110,70,90,130,3,4,3,2,2,4,D,16,"Power, Anger, Guard",,Run,0
501,Scaled Golem,Golem,Zuum,370,20,0,1,113,142,144,72,115,136,3,4,3,2,2,4,D,16,"Power, Anger, Grit, Guard",,Run,1
672,Scaled Golem,Golem,Zuum,350,20,0,1,100,140,110,70,90,130,3,4,3,2,2,4,D,16,"Power, Anger, Will, Guard",,Run,0
1226,Kung Fu Hare,Hare,??? (Kung Fu Hare),320,45,0,1,94,142,76,112,153,42,3,5,1,3,5,1,C,15,"Power, Anger, Grit, Fight",Back Blow,,0
1228,Kung Fu Hare,Hare,??? (Kung Fu Hare),380,55,1,2,133,122,100,120,151,86,4,3,2,3,4,1,C,12,"Power, Anger, Grit",,,0
387,Tornado,Hare,??? (Tornado),320,45,0,1,94,142,76,112,153,42,3,5,1,3,5,1,C,15,"Power, Anger, Grit, Fight",Back Blow,,1
388,Tornado,Hare,??? (Tornado),300,75,0,1,107,147,107,124,153,66,3,4,3,3,4,2,C,16,"Power, Anger, Grit, Fight",,,1
771,Tornado,Hare,??? (Tornado),320,45,0,1,94,142,76,112,153,42,3,5,1,3,5,1,C,15,"Power, Anger, Grit, Fight, Guard",Back Blow,,1
1009,Tornado,Hare,??? (Tornado),420,20,0,1,129,197,92,166,143,95,3,5,1,3,5,2,C,15,"Power, Anger, Grit, Fight",Back Blow,,1
1123,Tornado,Hare,??? (Tornado),444,45,3,4,16,16,16,16,16,16,3,4,1,3,5,2,C,15,"Power, Anger, Grit, Fight","Back Blow, Rolling Blow",,1
166,Prince Hare,Hare,Gali,280,75,0,1,100,130,90,110,140,50,3,4,3,3,4,2,C,16,"Power, Anger, Grit",,,0
521,Prince Hare,Hare,Gali,98,75,0,1,98,98,98,98,98,98,3,4,3,3,4,2,C,16,"Power, Anger, Grit",,,1
764,Prince Hare,Hare,Gali,280,75,0,1,100,130,90,110,140,50,3,4,3,3,4,2,C,16,"Power, Anger, Grit, Fury",,,0
1184,Prince Hare,Hare,Gali,399,99,0,1,99,99,99,99,99,99,3,4,3,3,4,2,C,16,"Power, Anger, Grit",High Kick,,1
162,Rocky Fur,Hare,Golem,320,40,2,3,100,170,80,90,110,120,3,5,2,2,3,3,D,16,"Power, Anger, Grit",,,0
760,Rocky Fur,Hare,Golem,320,40,2,3,100,170,80,90,110,120,3,5,2,2,3,3,D,16,"Power, Anger, Grit, Guard",,,0
165,Hare,Hare,Hare,300,45,0,1,50,130,70,100,140,40,3,5,1,3,5,1,C,15,"Power, Anger, Grit",,,0
520,Hare,Hare,Hare,320,45,0,1,63,145,71,124,151,59,3,5,1,3,5,1,C,15,"Power, Anger, Grit",,,1
763,Hare,Hare,Hare,300,45,0,1,50,130,70,100,140,40,3,5,1,3,5,1,C,15,"Power, Anger, Grit, Fight",,,0
1183,Hare,Hare,Hare,430,12,0,1,12,12,12,12,12,12,3,4,1,3,5,2,B,15,"Power, Anger, Grit",Foul Gas,,1
168,Jelly Hare,Hare,Jell,320,20,0,1,100,140,60,110,130,90,3,4,2,3,4,2,C,15,"Power, Anger, Grit",,Endure,0
766,Jelly Hare,Hare,Jell,320,20,0,1,100,140,60,110,130,90,3,4,2,3,4,2,C,15,"Power, Anger, Grit, Will",,Endure,0
170,Evil Hare,Hare,Monol,280,-15,0,1,100,140,90,120,130,110,3,4,2,3,3,3,D,16,"Power, Anger, Grit",,,0
768,Evil Hare,Hare,Monol,280,-15,0,1,100,140,90,120,130,110,3,4,2,3,3,3,D,16,"Power, Anger, Grit, Guard",,,0
172,Purple Hare,Hare,Naga,280,-60,1,2,110,160,70,120,140,100,3,5,1,3,4,2,C,13,"Power, Anger, Grit",,,0
770,Purple Hare,Hare,Naga,280,-60,1,2,110,160,70,120,140,100,3,5,1,3,4,2,C,13,"Power, Anger, Grit, Will",,,0
161,Fairy Hare,Hare,Pixie,300,-25,1,2,80,130,100,120,180,50,2,4,3,3,5,1,B,12,"Power, Anger, Grit",,,0
759,Fairy Hare,Hare,Pixie,300,-25,1,2,80,130,100,120,180,50,2,4,3,3,5,1,B,12,"Power, Anger, Grit, Ease",,,0
1147,Fairy Hare,Hare,Pixie,390,50,2,3,109,124,161,174,143,104,2,3,3,3,5,2,A,13,"Grit, Ease, No Anger",Kung Fu Blow,,1
169,Leaf Hare,Hare,Plant,360,55,1,2,120,110,90,100,140,70,4,3,2,3,4,1,C,12,"Power, Anger, Grit",,,0
767,Leaf Hare,Hare,Plant,360,55,1,2,120,110,90,100,140,70,4,3,2,3,4,1,C,12,"Power, Anger, Grit, Guard",,,0
1148,Leaf Hare,Hare,Plant,370,-60,0,1,195,181,201,185,196,248,4,3,2,3,4,3,A,13,"Grit, Vigor, No Power Special",Big Bang,,1
167,Four Eyed,Hare,Suezo,320,-45,1,2,90,140,100,110,130,70,3,4,3,3,4,1,C,14,"Power, Anger, Grit",,,0
765,Four Eyed,Hare,Suezo,320,-45,1,2,90,140,100,110,130,70,3,4,3,3,4,1,C,14,"Power, Anger, Grit, Ease",,,0
164,Blue Hare,Hare,Tiger,300,65,1,2,100,130,70,160,170,40,3,4,2,4,5,1,C,13,"Power, Anger, Grit",,,0
762,Blue Hare,Hare,Tiger,300,65,1,2,100,130,70,160,170,40,3,4,2,4,5,1,C,13,"Power, Anger, Grit, Hurry",,,0
171,Wild Hare,Hare,Worm,300,30,2,3,120,140,90,100,110,70,4,4,2,3,3,1,C,15,"Power, Anger, Grit",,,0
769,Wild Hare,Hare,Worm,300,30,2,3,120,140,90,100,110,70,4,4,2,3,3,1,C,15,"Power, Anger, Grit, Fury",,,0
1122,Wild Hare,Hare,Worm,420,34,2,3,34,346,34,34,34,34,4,5,2,3,3,3,C,14,"Power, Anger, Grit","Straight, HardStraight",Pull,1
163,Scaled Hare,Hare,Zuum,320,20,0,1,100,130,70,110,140,80,3,4,1,3,4,2,C,14,"Power, Anger, Grit",,Run,0
761,Scaled Hare,Hare,Zuum,320,20,0,1,100,130,70,110,140,80,3,4,1,3,4,2,C,14,"Power, Anger, Grit, Guard",,Run,0
355,Skeleton,Henger,??? (Skeleton),300,-55,3,4,102,161,147,159,127,101,2,4,4,4,3,2,C,15,"Power, Anger, Real",Arm Cannon,Shoot,1
356,Skeleton,Henger,??? (Skeleton),300,-55,3,4,85,152,184,165,167,36,2,4,4,4,3,2,C,15,"Power, Anger, Real",,Shoot,1
357,Skeleton,Henger,??? (Skeleton),300,-55,3,4,57,162,175,161,99,68,2,4,4,4,3,2,C,15,"Power, Anger, Real",,Shoot,1
654,Skeleton,Henger,??? (Skeleton),300,-55,3,4,102,161,147,159,127,101,2,4,4,4,3,2,C,15,"Power, Anger, Vigor, Real",Arm Cannon,Shoot,1
999,Skeleton,Henger,??? (Skeleton),420,-30,3,4,122,192,154,187,145,90,2,4,4,3,4,2,C,15,"Power, Anger, Real",Arm Cannon,Shoot,1
58,Garlant,Henger,Dragon,280,-35,1,2,90,140,130,150,110,80,2,4,4,4,3,2,C,17,"Power, Anger",,Shoot,0
646,Garlant,Henger,Dragon,280,-35,1,2,90,140,130,150,110,80,2,4,4,4,3,2,C,17,"Power, Anger, Fury",,Shoot,0
1141,Garlant,Henger,Dragon,400,-35,0,1,109,164,162,164,104,89,3,4,4,3,3,2,C,17,"Power, Anger",Napalm Shot,Shoot,1
1180,Garlant,Henger,Dragon,430,-9,0,1,9,9,9,9,9,9,2,4,4,3,4,2,A,17,,"Laser Sword, Burst Cannon",Shoot,1
989,Proto,Henger,Gali,300,70,0,1,119,136,130,140,157,100,2,3,3,5,4,4,C,16,"Power, Anger",,Shoot,0
1047,Proto,Henger,Gali,400,55,2,3,154,202,118,181,164,120,3,4,2,5,4,3,C,16,"Power, Anger, Fury",Laser Sword,Shoot,1
1101,Proto,Henger,Gali,410,-30,2,3,130,90,180,150,120,110,2,3,4,5,3,4,C,16,"Power, Anger, Grit",Eye Beam,Shoot,1
1102,Proto,Henger,Gali,420,78,3,4,78,78,78,78,78,78,2,3,3,5,4,4,C,16,"Power, Anger, Will",Arm Cannon,Dodge,1
60,Gaia,Henger,Golem,320,50,2,3,90,150,120,110,100,80,2,4,3,3,3,3,D,17,"Power, Anger",,Shoot,0
648,Gaia,Henger,Golem,320,50,2,3,90,150,120,110,100,80,2,4,3,3,3,3,D,17,"Power, Anger, Guard",,Shoot,0
1100,Gaia,Henger,Golem,400,50,2,3,100,180,90,140,70,120,3,4,3,3,3,3,E,17,"Power, Anger","Drill Shot, Hammer Fall",Shoot,1
59,Henger,Henger,Henger,300,70,0,1,100,150,110,160,170,90,2,4,3,4,4,2,C,16,"Power, Anger",,Shoot,0
495,Henger,Henger,Henger,320,70,0,1,100,162,116,191,204,100,2,4,3,4,4,2,C,16,"Power, Anger",,Shoot,1
647,Henger,Henger,Henger,300,70,0,1,100,150,110,160,170,90,2,4,3,4,4,2,C,16,"Power, Anger, Guard",,Shoot,0
1171,Henger,Henger,Henger,410,-25,0,1,117,132,101,164,162,130,2,3,3,4,4,3,B,16,No Power Special,Laser Swords,Shoot,1
63,End Bringer,Henger,Joker,280,-55,3,4,90,140,130,150,120,80,2,4,4,4,3,2,C,15,"Power, Anger, Real",,Shoot,0
651,End Bringer,Henger,Joker,280,-55,3,4,90,140,130,150,120,80,2,4,4,4,3,2,C,15,"Power, Anger, Fury, Real",,Shoot,0
1181,End Bringer,Henger,Joker,380,14,2,3,73,163,300,160,110,160,3,4,5,4,2,2,D,15,"Power, Anger, Will, Real","Sound Wave, Eye Beam","Shoot, Meditate",1
62,Heuy,Henger,Metalner,320,10,0,1,80,110,90,150,120,100,2,3,2,4,3,3,B,12,"Power, Anger",,Shoot,0
650,Heuy,Henger,Metalner,320,10,0,1,80,110,90,150,120,100,2,3,2,4,3,3,B,12,"Power, Anger, Hurry",,Shoot,0
1103,Heuy,Henger,Metalner,430,-20,2,3,99,171,75,99,170,78,2,3,3,3,4,3,C,12,"Power, Anger",Sound Wave,Shoot,1
64,Automaton,Henger,Mock,360,20,1,2,90,100,150,110,120,80,2,3,4,3,3,2,C,14,"Power, Anger",,Shoot,0
652,Automaton,Henger,Mock,360,20,1,2,90,100,150,110,120,80,2,3,4,3,3,2,C,14,"Power, Anger, Grit",,Shoot,0
65,Black Henger,Henger,Monol,280,0,0,1,90,150,100,120,130,110,2,4,3,3,3,3,D,17,"Power, Anger",,Shoot,0
496,Black Henger,Henger,Monol,300,70,0,1,212,139,88,112,113,105,2,4,3,3,3,3,C,17,"Power, Anger",,Shoot,1
653,Black Henger,Henger,Monol,280,0,0,1,90,150,100,120,130,110,2,4,3,3,3,3,D,17,"Power, Anger, Guard",,Shoot,0
1104,Black Henger,Henger,Monol,410,-60,3,4,110,194,120,162,136,80,3,4,3,3,3,3,C,16,"Power, Anger",Laser Sword,Kawrea,1
61,Omega,Henger,Zuum,320,30,0,1,90,130,110,140,150,80,2,4,3,4,4,2,C,15,"Power, Anger",,"Run, Shoot",0
649,Omega,Henger,Zuum,320,30,0,1,90,130,110,140,150,80,2,4,3,4,4,2,C,15,"Power, Anger, Will",,"Run, Shoot",0
978,Bloody Eye,Hopper,??? (Bloody Eye),370,-50,2,3,201,167,226,307,242,91,3,3,3,5,4,3,A,6,"Power, Anger, Will, Ease","Phantom Claw, Lightning, Flame","Endure, Torble sea",1
1206,Bloody Eye,Hopper,??? (Bloody Eye),360,-50,2,3,190,209,157,301,269,108,3,4,3,4,4,3,A,6,"Power, Anger, Will, Ease",Flick Combo,"Endure, Torble sea",1
384,Frog Hopper,Hopper,??? (Frog Hopper),340,40,0,1,65,108,128,183,128,88,2,3,3,5,3,2,B,9,"Power, Anger, Will",Jump Blow,Swim,1
385,Frog Hopper,Hopper,??? (Frog Hopper),340,-10,0,1,75,117,124,189,122,65,2,3,3,5,3,1,B,10,"Power, Anger, Will, Hurry",Jump Blow,Swim,1
758,Frog Hopper,Hopper,??? (Frog Hopper),340,40,0,1,65,108,128,183,128,88,2,3,3,5,3,2,B,9,"Power, Anger, Will, Real",Jump Blow,Swim,1
1008,Frog Hopper,Hopper,??? (Frog Hopper),440,15,0,1,99,161,120,198,154,113,2,3,3,4,4,2,B,9,"Power, Anger, Will",Jump Blow,Swim,1
154,Emerald Eye,Hopper,Bajarl,320,-10,0,1,60,100,110,170,120,50,2,3,3,5,3,1,B,10,"Power, Anger, Will",,,0
751,Emerald Eye,Hopper,Bajarl,320,-10,0,1,100,130,130,190,140,90,2,3,3,5,3,1,B,10,"Power, Anger, Will, Vigor",,,0
1068,Emerald Eye,Hopper,Bajarl,320,-10,0,1,100,130,130,190,140,90,2,3,3,5,3,1,C,9,"Power, Anger, Will, Vigor",,,0
150,Draco Hopper,Hopper,Dragon,280,-55,1,2,70,100,140,160,120,90,2,4,4,4,3,2,B,12,"Power, Anger, Will",,,0
747,Draco Hopper,Hopper,Dragon,280,-55,1,2,70,100,140,160,120,90,2,4,4,4,3,2,B,12,"Power, Anger, Will, Fury",,,0
152,Hopper,Hopper,Hopper,300,-25,1,2,60,100,110,160,150,70,2,3,3,5,3,1,A,8,"Power, Anger, Will",,,0
517,Hopper,Hopper,Hopper,320,-25,1,2,66,128,118,177,156,85,2,3,3,5,3,1,A,8,"Power, Anger, Will",Lightning,,1
749,Hopper,Hopper,Hopper,300,-25,1,2,60,100,110,160,150,70,2,3,3,5,3,1,A,8,"Power, Anger, Will, Fight",,,0
1120,Hopper,Hopper,Hopper,450,17,2,3,17,17,17,17,17,17,2,3,3,4,3,3,A,8,"Power, Anger, Will",1-2-JumpBlow,,1
1182,Hopper,Hopper,Hopper,444,4,2,3,4,4,4,4,4,4,2,3,3,4,4,2,A,8,"Power, Anger, Will","Flick, Rapid Flick",,1
157,Snow Hopper,Hopper,Jill,320,5,2,3,70,100,110,150,130,60,2,3,3,4,3,2,B,11,"Power, Anger, Will",,Papas,0
754,Snow Hopper,Hopper,Jill,320,5,2,3,90,140,150,160,140,80,2,3,3,4,3,2,B,11,"Power, Anger, Will, Vigor",,Papas,0
1071,Snow Hopper,Hopper,Jill,320,5,2,3,90,140,150,160,140,80,2,3,3,4,3,2,C,10,"Power, Anger, Will, Vigor",,Papas,0
159,Sneak Hopper,Hopper,Joker,280,-70,3,4,70,90,110,160,110,60,2,3,4,5,3,1,B,10,"Power, Anger, Will, Real",,,0
756,Sneak Hopper,Hopper,Joker,280,-70,3,4,90,110,170,190,120,70,2,3,4,5,3,1,B,10,"Power, Anger, Grit, Will, Real",,,0
1073,Sneak Hopper,Hopper,Joker,280,-70,3,4,90,110,170,190,120,70,2,3,4,5,3,1,C,9,"Power, Anger, Grit, Will, Real",,,0
153,Mustachios,Hopper,Kato,360,-45,2,3,70,80,130,150,140,50,2,2,4,4,4,1,B,12,"Power, Anger, Will",,Meditate,0
750,Mustachios,Hopper,Kato,360,-45,2,3,90,80,170,160,180,80,2,2,4,4,4,1,B,12,"Power, Anger, Grit, Will",,Meditate,0
1067,Mustachios,Hopper,Kato,360,-45,2,3,90,80,170,160,180,80,2,2,4,4,4,1,C,11,"Power, Anger, Grit, Will",,Meditate,0
155,Springer,Hopper,Metalner,320,-25,0,1,70,80,90,160,100,110,2,3,2,5,2,3,A,7,"Power, Anger, Will",,,0
752,Springer,Hopper,Metalner,320,-25,0,1,110,100,100,190,110,160,2,3,2,5,2,3,A,7,"Power, Anger, Will, Hurry",,,0
1069,Springer,Hopper,Metalner,320,-25,0,1,110,100,100,190,110,160,2,3,2,5,2,3,B,6,"Power, Anger, Will, Hurry",,,0
158,Pink Hopper,Hopper,Mocchi,320,40,0,1,60,100,110,160,120,70,2,3,3,5,3,2,B,9,"Power, Anger, Will",,,0
519,Pink Hopper,Hopper,Mocchi,340,40,0,1,91,109,122,161,130,88,2,3,3,5,3,2,B,9,"Power, Anger, Will",,,1
755,Pink Hopper,Hopper,Mocchi,320,40,0,1,80,120,130,190,150,100,2,3,3,5,3,2,B,9,"Power, Anger, Grit, Will",,,0
1072,Pink Hopper,Hopper,Mocchi,320,40,0,1,80,120,130,190,150,100,2,3,3,5,3,2,C,8,"Power, Anger, Grit, Will",,,0
160,Woody Hopper,Hopper,Mock,360,-20,1,2,90,80,150,140,110,70,2,3,4,4,3,1,B,10,"Power, Anger, Will",,,0
757,Woody Hopper,Hopper,Mock,360,-20,1,2,100,110,200,150,130,90,2,3,4,4,3,1,B,10,"Power, Anger, Grit, Will",,,0
1074,Woody Hopper,Hopper,Mock,360,-20,1,2,100,110,200,150,130,90,2,3,4,4,3,1,C,9,"Power, Anger, Grit, Will",,,0
149,Fairy Hopper,Hopper,Pixie,300,-40,1,2,70,90,160,170,130,60,2,3,4,5,3,1,A,8,"Power, Anger, Will",,,0
746,Fairy Hopper,Hopper,Pixie,300,-40,1,2,70,90,160,170,130,60,2,3,4,5,3,1,A,8,"Power, Anger, Will, Ease",,,0
156,Rear Eyed,Hopper,Suezo,320,-50,1,2,60,90,140,160,110,40,2,3,4,5,3,1,B,10,"Power, Anger, Will",,,0
518,Rear Eyed,Hopper,Suezo,340,-50,1,2,71,100,151,163,127,74,2,3,4,5,3,1,B,10,"Power, Anger, Will",,,1
753,Rear Eyed,Hopper,Suezo,320,-50,1,2,90,120,190,190,120,70,2,3,4,5,3,1,B,10,"Power, Anger, Will, Ease",,,0
1070,Rear Eyed,Hopper,Suezo,320,-50,1,2,90,120,190,190,120,70,2,3,4,5,3,1,C,9,"Power, Anger, Will, Ease",,,0
1121,Rear Eyed,Hopper,Suezo,420,20,0,1,164,64,164,164,164,64,3,2,4,4,3,2,B,10,"Power, Anger, Will",Lightning,Study,1
151,Skipper,Hopper,Tiger,300,65,1,2,60,90,110,180,130,60,2,3,3,5,3,1,A,8,"Power, Anger, Will",,,0
748,Skipper,Hopper,Tiger,300,65,1,2,80,110,140,210,160,70,2,3,3,5,3,1,A,8,"Power, Anger, Will, Hurry",,,0
1066,Skipper,Hopper,Tiger,300,65,1,2,80,110,140,210,160,70,2,3,3,5,3,1,B,7,"Power, Anger, Will, Hurry",,,0
438,Metal Jell,Jell,??? (Metal Jell),370,-5,0,1,116,116,141,127,115,157,3,2,4,4,2,4,C,14,"Power, Anger",,Endure,1
439,Metal Jell,Jell,??? (Metal Jell),330,-25,0,1,105,98,170,130,82,166,3,2,4,3,2,4,D,16,"Power, Anger",Gatling Gun,Endure,1
440,Metal Jell,Jell,??? (Metal Jell),350,45,0,1,116,120,146,165,139,151,3,3,3,4,3,3,C,14,"Power, Anger",,Endure,1
887,Metal Jell,Jell,??? (Metal Jell),370,-5,0,1,116,116,141,127,115,157,3,2,4,4,2,4,C,14,"Power, Anger, Fury",,Endure,1
1031,Metal Jell,Jell,??? (Metal Jell),430,15,0,1,111,166,133,144,199,177,3,2,4,4,2,4,C,14,"Power, Anger",Gatling Gun,Endure,1
259,Noble Jell,Jell,Gali,310,90,0,1,90,80,140,110,100,150,3,2,4,4,2,4,C,15,"Power, Anger",,Endure,0
880,Noble Jell,Jell,Gali,310,90,0,1,90,80,140,110,100,150,3,2,4,4,2,4,C,15,"Power, Anger, Fury",,Endure,0
255,Wall Mimic,Jell,Golem,350,35,2,3,100,110,130,120,90,140,3,3,4,3,2,4,D,16,"Power, Anger",,Endure,0
876,Wall Mimic,Jell,Golem,350,35,2,3,100,110,130,120,90,140,3,3,4,3,2,4,D,16,"Power, Anger, Guard",,Endure,0
258,Muddy Jell,Jell,Hare,330,45,0,1,100,110,130,150,120,140,3,3,3,4,3,3,C,14,"Power, Anger",,Endure,0
879,Muddy Jell,Jell,Hare,330,45,0,1,100,110,130,150,120,140,3,3,3,4,3,3,C,14,"Power, Anger, Grit",,Endure,0
1133,Muddy Jell,Jell,Hare,400,50,1,2,100,100,100,100,100,100,3,3,3,4,3,3,C,14,"Power, Anger",Beam Gun,Endure,1
261,Jell,Jell,Jell,350,-5,0,1,100,90,130,120,110,140,3,2,4,4,2,4,C,14,"Power, Anger",,Endure,0
554,Jell,Jell,Jell,370,-5,0,1,114,95,132,130,124,176,3,2,4,4,2,4,C,14,"Power, Anger",Jell Copter,Endure,1
882,Jell,Jell,Jell,350,-5,0,1,100,90,130,120,110,140,3,2,4,4,2,4,C,14,"Power, Anger, Fight",,Endure,0
1198,Jell,Jell,Jell,460,0,2,3,1,2,3,4,5,6,3,3,3,4,2,4,C,14,"Power, Anger, Fury","Suffocation, Two Whips","Study, Parepare",1
263,Clay,Jell,Monol,310,-25,0,1,100,90,130,120,80,150,3,2,4,3,2,4,D,16,"Power, Anger",,Endure,0
555,Clay,Jell,Monol,330,-25,0,1,143,100,140,124,97,153,3,2,4,3,2,4,D,16,"Power, Anger",Three Cubes,Endure,1
884,Clay,Jell,Monol,310,-25,0,1,100,90,130,120,80,150,3,2,4,3,2,4,D,16,"Power, Anger, Guard",,Endure,0
265,Purple Jell,Jell,Naga,310,-54,1,2,90,100,130,120,110,140,3,3,3,4,2,4,C,13,"Power, Anger",,Endure,0
886,Purple Jell,Jell,Naga,310,-54,1,2,90,100,130,120,110,140,3,3,3,4,2,4,C,13,"Power, Anger, Ease",,Endure,0
1187,Purple Jell,Jell,Naga,430,8,1,2,150,100,1,240,90,100,3,3,3,4,2,4,B,14,"Power, Anger, Vigor",Fly Swatter,Endure,1
254,Pink Jam,Jell,Pixie,330,-30,1,2,80,90,150,160,100,110,2,2,4,4,3,3,B,11,"Power, Anger",,Endure,0
875,Pink Jam,Jell,Pixie,330,-30,1,2,80,90,150,160,100,110,2,2,4,4,3,3,B,11,"Power, Anger, Ease",,Endure,0
262,Chloro Jell,Jell,Plant,390,60,1,2,120,80,150,140,90,110,4,2,4,4,2,3,C,12,"Power, Anger",,Endure,0
883,Chloro Jell,Jell,Plant,390,60,1,2,120,80,150,140,90,110,4,2,4,4,2,3,C,12,"Power, Anger, Grit",,Endure,0
260,Eye Jell,Jell,Suezo,350,-45,1,2,100,90,150,130,80,120,3,2,4,4,2,3,C,13,"Power, Anger",,Endure,0
881,Eye Jell,Jell,Suezo,350,-45,1,2,100,90,150,130,80,120,3,2,4,4,2,3,C,13,"Power, Anger, Ease",,Endure,0
257,Icy Jell,Jell,Tiger,330,75,1,2,90,100,150,140,110,120,3,2,4,4,3,3,C,12,"Power, Anger",,Endure,0
878,Icy Jell,Jell,Tiger,330,75,1,2,90,100,150,140,110,120,3,2,4,4,3,3,C,12,"Power, Anger, Hurry",,Endure,0
264,Worm Jell,Jell,Worm,330,20,2,3,110,90,140,130,100,120,4,2,4,4,2,3,C,14,"Power, Anger",,Endure,0
885,Worm Jell,Jell,Worm,330,20,2,3,110,90,140,130,100,120,4,2,4,4,2,3,C,14,"Power, Anger, Will",,Endure,0
256,Scaled Jell,Jell,Zuum,350,10,0,1,100,90,120,140,110,150,3,2,3,4,2,4,C,14,"Power, Anger",,"Run, Endure",0
877,Scaled Jell,Jell,Zuum,350,10,0,1,100,90,120,140,110,150,3,2,3,4,2,4,C,14,"Power, Anger, Guard",,"Run, Endure",0
982,Bighand,Jill,??? (Bighand),360,-70,2,3,234,314,249,184,172,219,3,5,4,2,3,4,C,11,"Power, Anger, Guard, Hurry, Vigor",Jill Combo,"Dodge, Papas",1
1210,Bighand,Jill,??? (Bighand),370,-70,2,3,263,234,290,177,204,204,4,4,5,2,3,3,C,11,"Power, Anger, Guard, Hurry, Vigor",Snowstorm,"Dodge, Papas",1
427,Pithecan,Jill,??? (Pithecan),370,-60,1,2,132,186,150,124,94,105,3,4,4,3,2,3,D,14,"Power, Anger, Vigor",,Papas,1
428,Pithecan,Jill,??? (Pithecan),350,-40,1,2,100,133,154,163,127,110,2,3,4,3,3,2,C,12,"Power, Anger, Vigor",Frantic Rush,Papas,1
851,Pithecan,Jill,??? (Pithecan),370,-60,1,2,132,186,150,124,94,105,3,4,4,3,2,3,D,14,"Power, Anger, Ease, Vigor",,Papas,1
1025,Pithecan,Jill,??? (Pithecan),440,-30,1,2,166,210,142,154,82,130,3,4,4,3,2,3,D,14,"Power, Anger, Vigor",Frantic Rush,Papas,1
231,Wondar,Jill,Hare,330,35,0,1,130,140,110,100,120,90,3,4,3,2,3,2,D,16,"Power, Anger, Vigor",,Papas,0
846,Wondar,Jill,Hare,330,35,0,1,130,140,110,100,120,90,3,4,3,2,3,2,D,16,"Power, Anger, Grit, Vigor",,Papas,0
1175,Wondar,Jill,Hare,410,-10,0,1,103,134,80,112,85,47,4,4,3,2,3,2,C,11,"Grit, Vigor, No Power Special",Punch Combo,Papas,1
234,Jill,Jill,Jill,350,15,2,3,140,160,150,110,100,130,3,4,4,2,2,3,D,16,"Power, Anger, Vigor",,Papas,0
542,Jill,Jill,Jill,370,15,2,3,152,161,167,119,116,161,3,4,4,2,2,3,D,16,"Power, Anger, Vigor",,Papas,1
849,Jill,Jill,Jill,350,15,2,3,140,160,150,110,100,130,3,4,4,2,2,3,D,16,"Power, Anger, Grit, Vigor",,Papas,0
1131,Jill,Jill,Jill,460,8,3,4,8,8,8,8,8,8,3,4,4,2,2,3,D,16,"Power, Anger, Will, Vigor",Snowstorm,Papas,1
